Attributes,Adj Close,Close,High,Low,Open,Volume
Symbols,3388.TWO,3388.TWO,3388.TWO,3388.TWO,3388.TWO,3388.TWO
Date,,,,,,
2008-01-02,63.39682388305664,141.2449951171875,146.60299682617188,141.2449951171875,144.65499877929688,479414.0
2008-01-03,61.64815902709961,137.3489990234375,138.322998046875,135.4010009765625,137.3489990234375,399340.0
2008-01-04,61.429561614990234,136.86199951171875,139.2969970703125,136.375,137.3489990234375,237140.0
2008-01-07,58.368900299072266,130.04299926757812,134.427001953125,128.58200073242188,133.94000244140625,354171.0
2008-01-08,59.024654388427734,131.50399780273438,135.4010009765625,129.55599975585938,130.04299926757812,205316.0
2008-01-09,59.680870056152344,132.96600341796875,132.96600341796875,127.12100219726562,128.58200073242188,127296.0
2008-01-10,59.89945983886719,133.4530029296875,137.3489990234375,132.47799682617188,133.94000244140625,187864.0
2008-01-11,60.33661651611328,134.427001953125,136.375,133.94000244140625,135.88800048828125,165280.0
2008-01-14,59.89945983886719,133.4530029296875,137.3489990234375,131.50399780273438,136.86199951171875,145775.0
2008-01-15,60.33661651611328,134.427001953125,137.3489990234375,132.96600341796875,134.427001953125,324400.0
2008-01-16,57.27596664428711,127.60800170898438,131.50399780273438,127.60800170898438,131.50399780273438,217635.0
2008-01-17,56.83879470825195,126.63400268554688,130.52999877929688,123.71199798583984,128.58200073242188,250486.0
2008-01-18,57.71314239501953,128.58200073242188,128.58200073242188,121.76300048828125,123.71199798583984,98552.0
2008-01-21,56.83879470825195,126.63400268554688,129.06900024414062,126.14700317382812,127.60800170898438,62621.0
2008-01-22,52.903785705566406,117.86699676513672,122.73699951171875,117.86699676513672,122.73699951171875,333639.0
2008-01-23,51.810855865478516,115.43199920654297,120.302001953125,114.94499969482422,115.91899871826172,285390.0
2008-01-24,51.59226608276367,114.94499969482422,118.84100341796875,112.02200317382812,116.89299774169922,217635.0
2008-01-25,54.21529769897461,120.78900146484375,121.2760009765625,116.40599822998047,116.89299774169922,184785.0
2008-01-28,52.02943801879883,115.91899871826172,118.84100341796875,114.94499969482422,118.84100341796875,114977.0
2008-01-29,51.810855865478516,115.43199920654297,117.86699676513672,113.97000122070312,116.89299774169922,118057.0
2008-01-30,51.810855865478516,115.43199920654297,116.40599822998047,113.97000122070312,116.40599822998047,83153.0
2008-01-31,50.93605422973633,113.48300170898438,115.43199920654297,110.56099700927734,115.43199920654297,105738.0
2008-02-01,51.37368392944336,114.45800018310547,115.91899871826172,113.97000122070312,114.94499969482422,95472.0
2008-02-12,49.843116760253906,111.0479965209961,113.97000122070312,111.0479965209961,111.0479965209961,76994.0
2008-02-13,49.843116760253906,111.0479965209961,112.99600219726562,110.56099700927734,112.99600219726562,70834.0
2008-02-14,53.12236785888672,118.35399627685547,118.35399627685547,118.35399627685547,118.35399627685547,93419.0
2008-02-15,56.83879470825195,126.63400268554688,126.63400268554688,125.66000366210938,126.63400268554688,244326.0
2008-02-18,60.773799896240234,135.4010009765625,135.4010009765625,131.50399780273438,132.47799682617188,776096.0
2008-02-19,62.30390930175781,138.80999755859375,142.22000122070312,133.4530029296875,135.4010009765625,753511.0
2008-02-20,62.30390930175781,138.80999755859375,138.80999755859375,135.4010009765625,137.3489990234375,371623.0
2008-02-21,64.2716293334961,143.19400024414062,146.11599731445312,139.2969970703125,140.27099609375,737086.0
2008-02-22,63.39682388305664,141.2449951171875,142.22000122070312,138.80999755859375,141.2449951171875,298735.0
2008-02-25,62.95966339111328,140.27099609375,145.14199829101562,139.78399658203125,144.16799926757812,279230.0
2008-02-26,65.5831527709961,146.11599731445312,150.01199340820312,142.22000122070312,145.14199829101562,1167223.0
2008-02-27,65.80174255371094,146.60299682617188,148.06399536132812,143.19400024414062,148.06399536132812,566673.0
2008-02-29,66.8946762084961,149.03799438476562,149.52499389648438,143.68099975585938,143.68099975585938,437324.0
2008-03-03,67.5504379272461,150.49899291992188,151.96099853515625,147.08999633789062,147.08999633789062,574886.0
2008-03-04,67.5504379272461,150.49899291992188,151.4739990234375,148.06399536132812,150.98699951171875,375729.0
2008-03-05,66.67607879638672,148.55099487304688,150.98699951171875,147.57699584960938,150.98699951171875,241247.0
2008-03-06,67.11325073242188,149.52499389648438,150.98699951171875,146.11599731445312,146.11599731445312,497892.0
2008-03-07,65.5831527709961,146.11599731445312,148.55099487304688,145.14199829101562,147.08999633789062,359304.0
2008-03-10,66.45748901367188,148.06399536132812,153.90899658203125,145.14199829101562,145.14199829101562,563593.0
2008-03-11,65.80174255371094,146.60299682617188,149.52499389648438,146.11599731445312,146.11599731445312,222768.0
2008-03-12,65.14598083496094,145.14199829101562,150.98699951171875,143.19400024414062,150.01199340820312,550248.0
2008-03-13,63.178253173828125,140.75799560546875,145.14199829101562,138.322998046875,145.14199829101562,309001.0
2008-03-14,61.64815902709961,137.3489990234375,142.70700073242188,135.4010009765625,141.73199462890625,332612.0
2008-03-17,60.773799896240234,135.4010009765625,136.375,133.4530029296875,134.427001953125,228928.0
2008-03-18,60.99238204956055,135.88800048828125,136.375,134.427001953125,135.4010009765625,150908.0
2008-03-19,61.64815902709961,137.3489990234375,139.78399658203125,137.3489990234375,138.322998046875,153987.0
2008-03-20,62.08531951904297,138.322998046875,139.2969970703125,135.4010009765625,135.4010009765625,200183.0
2008-03-21,62.95966339111328,140.27099609375,141.73199462890625,138.322998046875,141.2449951171875,394207.0
2008-03-24,63.178253173828125,140.75799560546875,146.11599731445312,140.27099609375,144.16799926757812,251513.0
2008-03-25,63.83446502685547,142.22000122070312,143.68099975585938,140.27099609375,142.22000122070312,183758.0
2008-03-26,63.615421295166016,141.73199462890625,145.14199829101562,141.73199462890625,142.22000122070312,243300.0
2008-03-27,62.08531951904297,138.322998046875,142.22000122070312,138.322998046875,141.73199462890625,218662.0
2008-03-28,62.741065979003906,139.78399658203125,141.2449951171875,138.322998046875,138.322998046875,96499.0
2008-03-31,64.05303955078125,142.70700073242188,142.70700073242188,140.27099609375,140.27099609375,134482.0
2008-04-01,64.4902114868164,143.68099975585938,147.57699584960938,143.19400024414062,144.16799926757812,337745.0
2008-04-02,65.36456298828125,145.62899780273438,146.11599731445312,144.65499877929688,145.62899780273438,285390.0
2008-04-03,65.80174255371094,146.60299682617188,150.49899291992188,144.65499877929688,146.11599731445312,543062.0
2008-04-07,61.64815902709961,137.3489990234375,141.2449951171875,136.375,138.322998046875,1090230.0
2008-04-08,62.741065979003906,139.78399658203125,142.70700073242188,137.3489990234375,137.3489990234375,663172.0
2008-04-09,62.08531951904297,138.322998046875,139.78399658203125,137.83599853515625,138.322998046875,310028.0
2008-04-10,62.741065979003906,139.78399658203125,140.27099609375,138.322998046875,138.322998046875,237140.0
2008-04-11,63.178253173828125,140.75799560546875,144.16799926757812,139.78399658203125,140.75799560546875,595417.0
2008-04-14,63.615421295166016,141.73199462890625,145.14199829101562,140.27099609375,140.75799560546875,368543.0
2008-04-15,63.83446502685547,142.22000122070312,144.65499877929688,141.73199462890625,142.70700073242188,363410.0
2008-04-16,64.05303955078125,142.70700073242188,144.65499877929688,142.22000122070312,144.16799926757812,210449.0
2008-04-17,62.741065979003906,139.78399658203125,144.16799926757812,139.2969970703125,144.16799926757812,372649.0
2008-04-18,61.86673355102539,137.83599853515625,140.27099609375,136.86199951171875,139.78399658203125,351091.0
2008-04-21,62.08531951904297,138.322998046875,139.78399658203125,137.83599853515625,139.2969970703125,170413.0
2008-04-22,62.08531951904297,138.322998046875,139.2969970703125,137.3489990234375,139.2969970703125,185811.0
2008-04-23,62.741065979003906,139.78399658203125,141.2449951171875,137.3489990234375,138.322998046875,239194.0
2008-04-24,62.08531951904297,138.322998046875,140.75799560546875,138.322998046875,140.27099609375,188891.0
2008-04-25,60.33661651611328,134.427001953125,139.78399658203125,132.47799682617188,138.322998046875,611843.0
2008-04-28,60.55521011352539,134.91400146484375,136.375,133.4530029296875,135.4010009765625,225848.0
2008-04-29,60.55521011352539,134.91400146484375,136.375,134.427001953125,134.91400146484375,188891.0
2008-04-30,61.21096420288086,136.375,137.3489990234375,135.4010009765625,135.4010009765625,226875.0
2008-05-02,61.21096420288086,136.375,138.322998046875,134.91400146484375,138.322998046875,216609.0
2008-05-05,60.99238204956055,135.88800048828125,137.3489990234375,134.91400146484375,136.86199951171875,188891.0
2008-05-06,64.05303955078125,142.70700073242188,142.70700073242188,135.4010009765625,135.4010009765625,631348.0
2008-05-07,61.86673355102539,137.83599853515625,141.2449951171875,137.3489990234375,141.2449951171875,696022.0
2008-05-08,61.429561614990234,136.86199951171875,138.80999755859375,136.86199951171875,137.83599853515625,190944.0
2008-05-09,63.615421295166016,141.73199462890625,146.11599731445312,140.27099609375,141.2449951171875,1207260.0
2008-05-12,62.522491455078125,139.2969970703125,142.22000122070312,137.3489990234375,141.2449951171875,361357.0
2008-05-13,62.30390930175781,138.80999755859375,139.2969970703125,137.3489990234375,138.322998046875,195051.0
2008-05-14,64.2716293334961,143.19400024414062,143.68099975585938,138.80999755859375,139.2969970703125,512264.0
2008-05-15,63.615421295166016,141.73199462890625,145.14199829101562,140.75799560546875,144.16799926757812,388048.0
2008-05-16,65.14598083496094,145.14199829101562,148.55099487304688,142.22000122070312,143.19400024414062,779176.0
2008-05-19,65.5831527709961,146.11599731445312,147.08999633789062,144.16799926757812,146.11599731445312,297709.0
2008-05-20,63.83446502685547,142.22000122070312,146.11599731445312,141.2449951171875,146.11599731445312,250486.0
2008-05-21,62.522491455078125,139.2969970703125,141.73199462890625,138.80999755859375,141.2449951171875,294629.0
2008-05-22,62.30390930175781,138.80999755859375,139.2969970703125,137.83599853515625,137.83599853515625,177599.0
2008-05-23,59.46183395385742,132.47799682617188,140.75799560546875,131.50399780273438,139.2969970703125,395234.0
2008-05-26,57.27596664428711,127.60800170898438,133.4530029296875,126.63400268554688,132.47799682617188,339799.0
2008-05-27,57.71314239501953,128.58200073242188,129.55599975585938,127.60800170898438,128.58200073242188,140642.0
2008-05-28,57.27596664428711,127.60800170898438,131.01699829101562,127.60800170898438,129.55599975585938,145775.0
2008-05-29,56.62021255493164,126.14700317382812,130.52999877929688,124.68599700927734,129.55599975585938,277177.0
2008-05-30,56.18303298950195,125.1729965209961,128.09500122070312,122.25,127.60800170898438,142695.0
2008-06-02,57.0573844909668,127.12100219726562,127.60800170898438,126.14700317382812,126.14700317382812,65701.0
2008-06-03,56.62021255493164,126.14700317382812,127.12100219726562,125.66000366210938,125.66000366210938,39010.0
2008-06-04,56.62021255493164,126.14700317382812,127.60800170898438,125.66000366210938,126.14700317382812,46196.0
2008-06-05,57.71314239501953,128.58200073242188,130.04299926757812,125.66000366210938,126.14700317382812,148854.0
2008-06-06,56.4016227722168,125.66000366210938,129.55599975585938,125.66000366210938,129.55599975585938,257672.0
2008-06-09,55.08964920043945,122.73699951171875,123.2239990234375,120.78900146484375,121.2760009765625,127296.0
2008-06-10,54.21529769897461,120.78900146484375,123.71199798583984,120.78900146484375,122.25,114977.0
2008-06-11,53.12236785888672,118.35399627685547,120.78900146484375,117.37999725341797,120.78900146484375,121137.0
2008-06-12,50.71746826171875,112.99600219726562,116.89299774169922,112.02200317382812,116.89299774169922,221742.0
2008-06-13,51.59226608276367,114.94499969482422,116.89299774169922,113.97000122070312,116.89299774169922,73914.0
2008-06-16,51.810855865478516,115.43199920654297,118.35399627685547,114.94499969482422,115.43199920654297,78020.0
2008-06-17,52.466617584228516,116.89299774169922,116.89299774169922,113.97000122070312,114.94499969482422,50303.0
2008-06-18,52.466617584228516,116.89299774169922,117.37999725341797,116.40599822998047,116.40599822998047,35930.0
2008-06-19,51.59226608276367,114.94499969482422,116.89299774169922,113.97000122070312,115.43199920654297,66728.0
2008-06-20,50.71746826171875,112.99600219726562,116.40599822998047,112.99600219726562,115.43199920654297,29771.0
2008-06-23,50.49888610839844,112.50900268554688,112.99600219726562,109.0999984741211,112.02200317382812,41063.0
2008-06-24,51.1546516418457,113.97000122070312,116.89299774169922,112.99600219726562,112.99600219726562,54409.0
2008-06-25,51.59226608276367,114.94499969482422,114.94499969482422,112.99600219726562,114.94499969482422,75967.0
2008-06-26,51.37368392944336,114.45800018310547,117.86699676513672,114.45800018310547,115.91899871826172,59542.0
2008-06-27,49.40595626831055,110.0739974975586,111.0479965209961,109.58699798583984,111.0479965209961,137562.0
2008-06-30,46.56387710571289,103.74199676513672,110.56099700927734,103.25499725341797,110.0739974975586,130376.0
2008-07-01,43.72211837768555,97.41069793701172,105.2030029296875,96.63140106201172,104.22899627685547,237140.0
2008-07-02,43.72211837768555,97.41069793701172,101.30699920654297,92.54010009765625,92.54010009765625,139615.0
2008-07-03,45.908119201660156,102.28099822998047,102.28099822998047,94.48829650878906,96.33910369873047,105738.0
2008-07-04,46.34528350830078,103.25499725341797,107.1520004272461,101.30699920654297,102.76799774169922,216609.0
2008-07-07,46.1266975402832,102.76799774169922,104.71600341796875,99.35890197753906,103.25499725341797,59542.0
2008-07-08,44.159339904785156,98.38480377197266,102.28099822998047,97.41069793701172,101.79399871826172,114977.0
2008-07-09,44.81513595581055,99.84590148925781,102.76799774169922,99.35890197753906,99.84590148925781,132429.0
2008-07-10,45.25236129760742,100.81999969482422,102.28099822998047,99.35890197753906,99.84590148925781,64675.0
2008-07-11,46.34528350830078,103.25499725341797,103.25499725341797,100.81999969482422,101.79399871826172,106765.0
2008-07-14,47.219635009765625,105.2030029296875,105.69100189208984,101.30699920654297,103.25499725341797,128323.0
2008-07-15,49.40595626831055,110.0739974975586,112.02200317382812,103.25499725341797,104.71600341796875,430138.0
2008-07-16,47.00104522705078,104.71600341796875,111.53500366210938,103.25499725341797,111.0479965209961,166306.0
2008-07-17,48.313018798828125,107.63899993896484,109.0999984741211,106.1780014038086,107.63899993896484,157067.0
2008-07-18,47.43867111206055,105.69100189208984,109.0999984741211,103.25499725341797,109.0999984741211,128323.0
2008-07-21,48.313018798828125,107.63899993896484,107.63899993896484,104.22899627685547,107.1520004272461,116004.0
2008-07-22,48.09443664550781,107.1520004272461,107.63899993896484,104.71600341796875,105.69100189208984,71861.0
2008-07-23,51.37368392944336,114.45800018310547,114.45800018310547,107.63899993896484,108.61299896240234,394207.0
2008-07-24,51.810855865478516,115.43199920654297,116.89299774169922,114.45800018310547,115.43199920654297,275124.0
2008-07-25,52.903785705566406,117.86699676513672,118.84100341796875,112.99600219726562,113.48300170898438,295656.0
2008-08-18,41.66717529296875,92.8323974609375,96.53399658203125,92.8323974609375,96.53399658203125,139615.0
2008-08-19,42.06067657470703,93.70909881591797,95.17019653320312,91.56600189208984,92.54010009765625,78020.0
2008-08-20,42.19182586669922,94.00129699707031,94.48829650878906,92.63749694824219,92.63749694824219,75967.0
2008-08-21,41.710899353027344,92.92980194091797,94.29350280761719,92.92980194091797,94.00129699707031,71861.0
2008-08-22,41.535980224609375,92.54010009765625,94.00129699707031,91.0790023803711,92.92980194091797,84180.0
2008-08-25,39.218692779541016,87.3772964477539,92.54010009765625,86.59809875488281,92.54010009765625,216609.0
2008-08-26,38.38801956176758,85.52660369873047,86.4032974243164,84.74729919433594,86.11100006103516,119083.0
2008-08-27,39.43732833862305,87.8644027709961,88.44889831542969,86.01360321044922,86.01360321044922,103685.0
2008-08-28,39.262454986572266,87.47480010986328,88.6436996459961,87.47480010986328,87.8644027709961,49276.0
2008-08-29,39.43732833862305,87.8644027709961,88.6436996459961,87.27989959716797,87.66960144042969,45170.0
2008-09-01,38.475460052490234,85.72139739990234,87.3772964477539,85.72139739990234,87.3772964477539,86233.0
2008-09-02,38.56289291381836,85.91619873046875,87.3772964477539,85.72139739990234,85.91619873046875,84180.0
2008-09-03,37.16375732421875,82.79900360107422,87.08509826660156,82.79900360107422,87.08509826660156,97525.0
2008-09-04,35.24001693725586,78.51300048828125,82.79900360107422,78.0259017944336,82.79900360107422,127296.0
2008-09-05,34.103233337402344,75.98030090332031,76.95439910888672,74.6166000366211,75.0062026977539,116004.0
2008-09-08,36.15816116333008,80.55860137939453,80.85079956054688,77.92849731445312,77.92849731445312,117030.0
2008-09-09,34.146942138671875,76.07769775390625,79.87670135498047,76.07769775390625,79.87670135498047,101632.0
2008-09-10,34.32185745239258,76.46739959716797,76.95439910888672,75.29840087890625,75.29840087890625,73914.0
2008-09-11,33.66600799560547,75.0062026977539,77.24669647216797,75.0062026977539,76.46739959716797,60568.0
2008-09-12,32.79157638549805,73.05799865722656,75.5906982421875,70.13569641113281,75.5906982421875,197104.0
2008-09-15,31.042701721191406,69.1615982055664,73.54499816894531,69.1615982055664,73.05799865722656,176572.0
2008-09-16,28.900283813476562,64.38839721679688,65.26509857177734,64.38839721679688,64.48580169677734,261778.0
2008-09-17,28.069564819335938,62.537601470947266,67.70040130615234,62.44020080566406,64.38839721679688,274097.0
2008-09-18,26.32069969177246,58.64120101928711,60.199798583984375,58.2515983581543,58.4463996887207,433218.0
2008-09-19,28.15705108642578,62.73249816894531,62.73249816894531,60.39459991455078,61.563499450683594,276150.0
2008-09-22,29.993350982666016,66.82369995117188,66.92109680175781,64.29100036621094,65.45999908447266,295656.0
2008-09-23,30.16822052001953,67.21330261230469,67.21330261230469,64.87550354003906,66.23919677734375,257672.0
2008-09-24,30.299421310424805,67.50559997558594,69.45379638671875,65.45999908447266,67.01850128173828,322347.0
2008-09-25,29.556140899658203,65.84960174560547,68.08999633789062,65.45999908447266,66.33660125732422,183758.0
2008-09-26,28.463064193725586,63.41429901123047,66.62889862060547,63.316898345947266,66.62889862060547,254592.0
2008-09-30,26.932828903198242,60.005001068115234,60.005001068115234,59.030799865722656,59.030799865722656,148854.0
2008-10-01,27.54491424560547,61.36869812011719,62.34280014038086,60.005001068115234,61.85580062866211,143721.0
2008-10-02,26.845348358154297,59.81010055541992,63.122100830078125,59.615299224853516,61.36869812011719,221742.0
2008-10-03,27.807262420654297,61.95320129394531,61.95320129394531,58.4463996887207,58.4463996887207,128323.0
2008-10-06,27.238845825195312,60.686798095703125,61.758399963378906,59.81010055541992,59.81010055541992,113951.0
2008-10-07,27.50119972229004,61.27130126953125,62.14799880981445,58.64120101928711,58.64120101928711,111897.0
2008-10-08,26.45185089111328,58.93339920043945,60.78419876098633,58.93339920043945,60.199798583984375,192997.0
2008-10-09,26.45185089111328,58.93339920043945,60.58940124511719,58.64120101928711,59.90760040283203,203263.0
2008-10-13,26.67047882080078,59.420501708984375,59.420501708984375,56.88779830932617,56.88779830932617,209423.0
2008-10-14,28.506786346435547,63.51169967651367,63.51169967651367,62.537601470947266,63.316898345947266,307975.0
2008-10-15,27.54491424560547,61.36869812011719,63.21950149536133,61.36869812011719,63.21950149536133,170413.0
2008-10-16,26.583040237426758,59.22570037841797,59.22570037841797,59.22570037841797,59.22570037841797,45170.0
2008-10-17,25.664844512939453,57.18000030517578,60.199798583984375,57.18000030517578,59.22570037841797,240220.0
2008-10-20,26.145830154418945,58.2515983581543,58.2515983581543,55.2318000793457,57.08259963989258,123190.0
2008-10-21,26.714195251464844,59.51789855957031,61.076499938964844,58.93339920043945,59.420501708984375,226875.0
2008-10-22,25.970914840698242,57.861900329589844,59.420501708984375,57.861900329589844,58.543800354003906,99578.0
2008-10-23,25.096473693847656,55.913700103759766,56.10850143432617,55.913700103759766,55.913700103759766,112924.0
2008-10-24,24.222042083740234,53.96549987792969,55.2318000793457,53.96549987792969,55.2318000793457,89313.0
2008-10-27,22.560604095458984,50.26390075683594,52.30950164794922,50.26390075683594,50.36130142211914,111897.0
2008-10-28,23.435041427612305,52.212100982666016,53.38100051879883,46.75709915161133,46.75709915161133,281283.0
2008-10-29,22.298254013061523,49.67940139770508,55.71889877319336,49.67940139770508,55.71889877319336,213529.0
2008-10-30,23.828542709350586,53.08879852294922,53.08879852294922,50.45869827270508,50.45869827270508,169386.0
2008-10-31,24.702978134155273,55.0369987487793,55.52410125732422,51.62770080566406,54.06290054321289,199157.0
2008-11-03,25.402544021606445,56.59560012817383,56.790401458740234,54.06290054321289,54.54999923706055,168359.0
2008-11-04,25.358827590942383,56.498199462890625,56.498199462890625,54.93960189819336,56.01110076904297,102658.0
2008-11-05,25.79604148864746,57.4723014831543,58.93339920043945,56.498199462890625,56.498199462890625,258699.0
2008-11-06,24.003450393676758,53.47850036621094,55.52410125732422,53.47850036621094,54.54999923706055,135509.0
2008-11-07,23.609909057617188,52.60169982910156,53.08879852294922,50.166500091552734,50.166500091552734,113951.0
2008-11-10,23.172739028930664,51.62770080566406,52.60169982910156,51.62770080566406,52.60169982910156,59542.0
2008-11-11,22.473167419433594,50.06909942626953,50.26390075683594,49.289798736572266,50.166500091552734,87259.0
2008-11-12,22.42945098876953,49.97169876098633,50.55609893798828,49.582000732421875,50.55609893798828,59542.0
2008-11-13,21.117753982543945,47.04930114746094,48.218299865722656,46.75709915161133,48.218299865722656,118057.0
2008-11-14,20.112163543701172,44.80889892578125,48.705299377441406,44.61410140991211,47.8286018371582,236114.0
2008-11-17,18.84422492980957,41.98400115966797,44.321800231933594,41.98400115966797,43.05550003051758,164253.0
2008-11-18,17.53257179260254,39.06169891357422,40.71770095825195,39.06169891357422,39.93840026855469,300788.0
2008-11-19,17.991647720336914,40.08449935913086,40.620201110839844,38.86690139770508,38.86690139770508,179652.0
2008-11-20,16.96415901184082,37.7952995300293,38.964298248291016,37.7952995300293,38.86690139770508,166306.0
2008-11-21,17.92607307434082,39.93840026855469,39.93840026855469,36.041900634765625,36.041900634765625,222768.0
2008-11-24,17.226505279541016,38.379798889160156,39.743499755859375,37.99020004272461,39.743499755859375,138589.0
2008-11-25,17.794876098632812,39.64609909057617,40.42539978027344,39.305198669433594,39.792301177978516,186838.0
2008-11-26,18.01350975036621,40.133201599121094,40.18190002441406,39.06169891357422,39.06169891357422,113951.0
2008-11-27,19.01909637451172,42.373600006103516,42.86069869995117,41.0098991394043,41.0098991394043,301815.0
2008-11-28,18.62559700012207,41.49689865112305,42.27619934082031,41.1072998046875,42.17879867553711,126270.0
2008-12-01,19.215869903564453,42.8120002746582,43.834800720214844,41.302101135253906,41.59429931640625,303868.0
2008-12-02,17.969791412353516,40.03580093383789,41.350799560546875,39.840999603271484,41.350799560546875,201210.0
2008-12-03,17.53257179260254,39.06169891357422,40.42539978027344,38.964298248291016,40.133201599121094,113951.0
2008-12-04,17.488855361938477,38.964298248291016,39.93840026855469,38.76940155029297,39.54869842529297,84180.0
2008-12-05,17.226505279541016,38.379798889160156,38.964298248291016,37.99020004272461,38.964298248291016,47223.0
2008-12-08,17.838592529296875,39.743499755859375,39.93840026855469,37.01599884033203,37.01599884033203,194024.0
2008-12-09,18.166519165039062,40.474098205566406,41.302101135253906,39.93840026855469,40.42539978027344,195051.0
2008-12-10,19.412595748901367,43.250301361083984,43.250301361083984,40.03580093383789,40.474098205566406,346985.0
2008-12-11,19.45631217956543,43.34769821166992,44.565399169921875,41.350799560546875,42.763301849365234,533823.0
2008-12-12,18.40700912475586,41.0098991394043,46.22140121459961,40.912498474121094,44.12699890136719,880807.0
2008-12-15,19.040956497192383,42.422298431396484,43.34769821166992,42.373600006103516,42.86069869995117,336719.0
2008-12-16,17.729299545288086,39.5,39.54869842529297,39.5,39.5,261778.0
2008-12-17,17.0516414642334,37.99020004272461,38.86690139770508,37.06480026245117,37.06480026245117,854116.0
2008-12-18,16.96415901184082,37.7952995300293,37.99020004272461,37.162200927734375,37.162200927734375,287443.0
2008-12-19,17.292083740234375,38.525901794433594,38.964298248291016,37.11349868774414,37.60049819946289,305921.0
2008-12-22,16.833003997802734,37.50310134887695,39.45130157470703,37.50310134887695,38.964298248291016,188891.0
2008-12-23,15.783656120300293,35.165199279785156,37.30830001831055,34.92169952392578,37.30830001831055,438350.0
2008-12-24,15.346439361572266,34.19110107421875,35.165199279785156,33.21699905395508,35.165199279785156,224821.0
2008-12-25,15.302720069885254,34.09370040893555,34.43470001220703,33.6067008972168,34.19110107421875,137562.0
2008-12-26,16.373929977416992,36.48030090332031,36.48030090332031,33.89889907836914,34.09370040893555,910578.0
2008-12-29,15.871134757995605,35.36009979248047,36.91859817504883,35.262699127197266,36.91859817504883,542035.0
2008-12-30,16.3083553314209,36.33420181274414,36.82120132446289,35.554901123046875,35.603599548339844,349038.0
2008-12-31,16.439504623413086,36.626399993896484,37.210899353027344,36.23680114746094,36.82120132446289,287443.0
2009-01-05,17.401376724243164,38.76940155029297,38.91559982299805,37.50310134887695,38.47719955444336,385995.0
2009-01-06,17.445138931274414,38.86690139770508,39.305198669433594,38.08760070800781,38.08760070800781,462988.0
2009-01-07,17.70744514465332,39.45130157470703,39.93840026855469,39.15909957885742,39.54869842529297,313107.0
2009-01-08,16.526941299438477,36.82120132446289,38.33110046386719,36.772499084472656,38.33110046386719,324400.0
2009-01-09,16.57065773010254,36.91859817504883,37.01599884033203,35.84709930419922,36.82120132446289,109844.0
2009-01-12,16.17715835571289,36.041900634765625,36.72380065917969,35.99319839477539,36.041900634765625,71861.0
2009-01-13,16.461362838745117,36.67509841918945,36.72380065917969,35.84709930419922,36.041900634765625,47223.0
2009-01-14,16.57065773010254,36.91859817504883,37.30830001831055,36.626399993896484,37.01599884033203,103685.0
2009-01-15,15.739937782287598,35.06779861450195,36.23680114746094,35.06779861450195,36.23680114746094,161173.0
2009-01-16,15.565068244934082,34.678199768066406,35.554901123046875,34.678199768066406,35.06779861450195,145775.0
2009-01-19,15.805557250976562,35.2140007019043,35.554901123046875,34.77560043334961,34.77560043334961,73914.0
2009-01-20,15.433919906616211,34.38600158691406,34.970401763916016,34.23979949951172,34.970401763916016,99578.0
2009-01-21,14.7999267578125,32.9734992980957,33.509300231933594,31.999399185180664,31.999399185180664,197104.0
2009-02-02,14.603196144104004,32.53519821166992,33.02220153808594,32.14550018310547,32.9734992980957,50303.0
2009-02-03,15.08413314819336,33.6067008972168,33.996299743652344,32.19419860839844,32.19419860839844,156040.0
2009-02-04,16.133440017700195,35.94449996948242,35.94449996948242,34.142398834228516,35.06779861450195,262805.0
2009-02-05,16.395788192749023,36.52899932861328,37.50310134887695,36.139400482177734,36.82120132446289,557434.0
2009-02-06,16.61437225341797,37.01599884033203,37.45439910888672,36.626399993896484,36.626399993896484,327480.0
2009-02-09,16.242778778076172,36.1880989074707,37.94139862060547,36.1880989074707,37.30830001831055,258699.0
2009-02-10,16.63627815246582,37.06480026245117,37.06480026245117,36.23680114746094,36.23680114746094,132429.0
2009-02-11,16.48322105407715,36.72380065917969,36.72380065917969,35.165199279785156,35.165199279785156,167333.0
2009-02-12,16.526941299438477,36.82120132446289,37.60049819946289,36.041900634765625,36.626399993896484,228928.0
2009-02-13,16.898582458496094,37.649200439453125,38.28239822387695,36.82120132446289,36.82120132446289,330559.0
2009-02-16,17.64186668395996,39.305198669433594,39.35390090942383,37.7952995300293,37.99020004272461,535876.0
2009-02-17,16.78929328918457,37.40570068359375,39.06169891357422,37.40570068359375,39.06169891357422,220715.0
2009-02-18,16.417648315429688,36.577701568603516,37.01599884033203,36.041900634765625,36.82120132446289,217635.0
2009-02-19,16.57065773010254,36.91859817504883,37.210899353027344,36.33420181274414,36.577701568603516,98552.0
2009-02-20,16.264636993408203,36.23680114746094,36.86989974975586,36.23680114746094,36.86989974975586,79047.0
2009-02-23,16.133440017700195,35.94449996948242,35.99319839477539,34.77560043334961,34.77560043334961,84180.0
2009-02-24,16.15530014038086,35.99319839477539,36.577701568603516,35.06779861450195,35.06779861450195,89313.0
2009-02-25,16.417648315429688,36.577701568603516,37.01599884033203,36.23680114746094,36.82120132446289,117030.0
2009-02-26,16.395788192749023,36.52899932861328,36.577701568603516,36.23680114746094,36.577701568603516,94446.0
2009-02-27,17.53257179260254,39.06169891357422,39.06169891357422,36.38290023803711,36.52899932861328,603630.0
2009-03-02,17.270225524902344,38.47719955444336,40.42539978027344,38.28239822387695,38.964298248291016,749405.0
2009-03-03,17.139074325561523,38.185001373291016,38.47719955444336,36.52899932861328,37.50310134887695,290523.0
2009-03-04,18.232093811035156,40.620201110839844,40.66889953613281,37.99020004272461,37.99020004272461,869515.0
2009-03-05,18.40700912475586,41.0098991394043,42.13010025024414,40.52280044555664,41.0098991394043,845903.0
2009-03-06,18.232093811035156,40.620201110839844,40.863800048828125,39.93840026855469,40.42539978027344,399340.0
2009-03-09,18.232093811035156,40.620201110839844,41.0098991394043,40.08449935913086,40.620201110839844,388048.0
2009-03-10,19.01909637451172,42.373600006103516,42.373600006103516,40.620201110839844,40.620201110839844,636481.0
2009-03-11,18.8879451751709,42.08140182495117,43.20159912109375,41.98400115966797,42.86069869995117,731953.0
2009-03-12,18.800508499145508,41.886600494384766,42.56850051879883,41.69179916381836,42.08140182495117,336719.0
2009-03-13,19.521934509277344,43.493900299072266,44.321800231933594,42.56850051879883,42.763301849365234,697049.0
2009-03-16,19.762380599975586,44.029598236083984,44.37049865722656,43.250301361083984,43.78609848022461,387021.0
2009-03-17,19.587514877319336,43.63999938964844,44.321800231933594,43.15290069580078,44.029598236083984,321320.0
2009-03-18,19.45631217956543,43.34769821166992,44.4193000793457,43.34769821166992,43.834800720214844,409606.0
2009-03-19,19.237730026245117,42.86069869995117,44.029598236083984,42.86069869995117,43.73740005493164,376756.0
2009-03-20,18.581878662109375,41.39950180053711,43.250301361083984,41.39950180053711,42.86069869995117,342878.0
2009-03-23,19.150293350219727,42.66590118408203,42.86069869995117,40.96120071411133,41.39950180053711,233034.0
2009-03-24,19.25958824157715,42.909400939941406,43.68870162963867,42.86069869995117,43.63999938964844,433218.0
2009-03-25,20.024728775024414,44.61410140991211,45.003700256347656,42.909400939941406,42.909400939941406,635454.0
2009-03-26,21.42382049560547,47.731201171875,47.731201171875,44.80889892578125,44.80889892578125,701155.0
2009-03-27,22.079669952392578,49.19240188598633,50.55609893798828,48.80270004272461,49.19240188598633,1283227.0
2009-03-30,20.54938507080078,45.78300094604492,48.90019989013672,45.78300094604492,48.90019989013672,823319.0
2009-03-31,20.418228149414062,45.49079895019531,47.04930114746094,44.80889892578125,45.78300094604492,439377.0
2009-04-02,20.986597061157227,46.75709915161133,48.41310119628906,45.880401611328125,48.41310119628906,477361.0
2009-04-03,21.074033737182617,46.951900482177734,47.731201171875,46.75709915161133,47.24420166015625,406526.0
2009-04-06,21.205230712890625,47.24420166015625,48.41310119628906,46.951900482177734,47.24420166015625,573859.0
2009-04-07,21.248947143554688,47.34159851074219,47.92599868774414,46.85449981689453,47.92599868774414,315161.0
2009-04-08,21.052173614501953,46.9031982421875,47.87730026245117,46.75709915161133,46.85449981689453,315161.0
2009-04-09,21.773601531982422,48.510501861572266,48.6078987121582,46.9031982421875,46.9031982421875,500972.0
2009-04-10,21.72988510131836,48.41310119628906,49.19240188598633,47.731201171875,49.19240188598633,356224.0
2009-04-13,21.773601531982422,48.510501861572266,48.90019989013672,47.29290008544922,47.29290008544922,383942.0
2009-04-14,22.079669952392578,49.19240188598633,49.38719940185547,48.218299865722656,48.41310119628906,343905.0
2009-04-15,22.691755294799805,50.55609893798828,51.14059829711914,48.90019989013672,49.19240188598633,575912.0
2009-04-16,22.604320526123047,50.36130142211914,51.62770080566406,50.166500091552734,51.62770080566406,633401.0
2009-04-17,21.030315399169922,46.85449981689453,52.01729965209961,46.85449981689453,50.94580078125,722714.0
2009-04-20,20.505664825439453,45.68560028076172,46.85449981689453,43.93220138549805,45.39339828491211,409606.0
2009-04-21,20.855449676513672,46.464900970458984,46.464900970458984,43.93220138549805,44.321800231933594,281283.0
2009-04-22,21.205230712890625,47.24420166015625,48.023399353027344,46.659698486328125,47.14680099487305,378809.0
2009-04-23,21.09589385986328,47.0005989074707,47.731201171875,46.36750030517578,46.85449981689453,242273.0
2009-04-24,22.560604095458984,50.26390075683594,50.26390075683594,47.097999572753906,47.097999572753906,1324290.0
2009-04-27,24.134605407714844,53.77069854736328,53.77069854736328,53.77069854736328,53.77069854736328,1085097.0
2009-04-28,24.047170639038086,53.57590103149414,57.4723014831543,52.60169982910156,57.4723014831543,3260424.0
2009-04-29,22.38568878173828,49.87419891357422,53.57590103149414,49.87419891357422,53.57590103149414,961907.0
2009-04-30,23.041536331176758,51.33539962768555,52.99140167236328,49.87419891357422,51.14059829711914,1083044.0
2009-05-04,23.478755950927734,52.30950164794922,53.77069854736328,51.62770080566406,52.60169982910156,657012.0
2009-05-05,22.64803123474121,50.45869827270508,53.08879852294922,50.166500091552734,53.08879852294922,557434.0
2009-05-06,23.435041427612305,52.212100982666016,52.60169982910156,50.55609893798828,50.55609893798828,517397.0
2009-05-07,23.172739028930664,51.62770080566406,53.08879852294922,50.55609893798828,52.60169982910156,517397.0
2009-05-08,23.6973876953125,52.796600341796875,52.796600341796875,50.653499603271484,51.62770080566406,460935.0
2009-05-11,23.91597557067871,53.283599853515625,54.160301208496094,52.796600341796875,52.796600341796875,462988.0
2009-05-12,22.735471725463867,50.653499603271484,53.57590103149414,50.653499603271484,53.57590103149414,299762.0
2009-05-13,22.86667251586914,50.94580078125,51.43280029296875,49.67940139770508,50.653499603271484,504052.0
2009-05-14,22.51688575744629,50.166500091552734,50.8484001159668,49.582000732421875,50.06909942626953,248433.0
2009-05-15,22.735471725463867,50.653499603271484,51.53020095825195,50.55609893798828,51.14059829711914,300788.0
2009-05-18,22.822954177856445,50.8484001159668,51.43280029296875,50.55609893798828,50.653499603271484,126270.0
2009-05-19,22.954105377197266,51.14059829711914,52.796600341796875,50.8484001159668,51.43280029296875,389074.0
2009-05-20,23.566186904907227,52.50429916381836,53.38100051879883,51.237998962402344,51.62770080566406,393181.0
2009-05-21,23.653671264648438,52.69919967651367,53.77069854736328,52.406898498535156,52.796600341796875,443483.0
2009-05-22,24.790409088134766,55.2318000793457,55.71889877319336,52.11470031738281,52.60169982910156,917764.0
2009-05-25,26.49556541442871,59.030799865722656,59.030799865722656,56.985198974609375,57.27750015258789,1453640.0
2009-05-26,24.92160415649414,55.52410125732422,62.14799880981445,55.52410125732422,62.05059814453125,1457746.0
2009-05-27,25.664844512939453,57.18000030517578,58.2515983581543,56.10850143432617,56.985198974609375,558460.0
2009-06-01,25.577409744262695,56.985198974609375,57.95930099487305,56.59560012817383,57.95930099487305,388048.0
2009-06-02,24.178325653076172,53.868099212646484,57.4723014831543,53.57590103149414,57.4723014831543,611843.0
2009-06-03,23.609909057617188,52.60169982910156,54.06290054321289,52.60169982910156,53.57590103149414,417819.0
2009-06-04,23.609909057617188,52.60169982910156,53.868099212646484,51.62770080566406,52.60169982910156,350064.0
2009-06-05,24.35318946838379,54.2577018737793,55.426700592041016,52.69919967651367,52.69919967651367,295656.0
2009-06-08,24.047170639038086,53.57590103149414,56.59560012817383,53.57590103149414,54.74480056762695,728873.0
2009-06-09,22.779191970825195,50.75090026855469,53.57590103149414,50.75090026855469,53.57590103149414,471201.0
2009-06-10,22.735471725463867,50.653499603271484,51.725101470947266,49.97169876098633,50.94580078125,226875.0
2009-06-11,22.822954177856445,50.8484001159668,51.33539962768555,49.67940139770508,50.653499603271484,189918.0
2009-06-12,22.91038703918457,51.0432014465332,51.8224983215332,50.8484001159668,50.94580078125,125243.0
2009-06-15,21.86103630065918,48.705299377441406,51.237998962402344,48.31570053100586,51.237998962402344,186838.0
2009-06-16,21.42382049560547,47.731201171875,48.12089920043945,46.75709915161133,46.75709915161133,127296.0
2009-06-17,21.38010025024414,47.6338005065918,48.510501861572266,47.24420166015625,48.218299865722656,103685.0
2009-06-18,21.358240127563477,47.58509826660156,48.41310119628906,47.39030075073242,48.16960144042969,84180.0
2009-06-19,21.904754638671875,48.80270004272461,48.80270004272461,47.6338005065918,47.6338005065918,114977.0
2009-06-22,22.42945098876953,49.97169876098633,50.36130142211914,48.218299865722656,48.218299865722656,126270.0
2009-06-23,22.210819244384766,49.48460006713867,49.67940139770508,48.705299377441406,49.67940139770508,132429.0
2009-06-24,22.473167419433594,50.06909942626953,50.55609893798828,49.48460006713867,49.67940139770508,63648.0
2009-06-25,22.560604095458984,50.26390075683594,50.653499603271484,49.87419891357422,50.653499603271484,88286.0
2009-06-26,22.86667251586914,50.94580078125,50.94580078125,50.26390075683594,50.26390075683594,92392.0
2009-06-29,22.51688575744629,50.166500091552734,50.94580078125,49.87419891357422,50.94580078125,71861.0
2009-06-30,22.341968536376953,49.776798248291016,50.55609893798828,49.48460006713867,50.55609893798828,152961.0
2009-07-01,22.38568878173828,49.87419891357422,50.653499603271484,49.67940139770508,49.67940139770508,140642.0
2009-07-02,22.604320526123047,50.36130142211914,50.653499603271484,50.26390075683594,50.26390075683594,123190.0
2009-07-03,22.64803123474121,50.45869827270508,50.75090026855469,49.67940139770508,49.776798248291016,201210.0
2009-07-06,22.735471725463867,50.653499603271484,51.237998962402344,50.653499603271484,50.653499603271484,509185.0
2009-07-07,23.283756256103516,48.80270004272461,48.99760055541992,47.8286018371582,48.218299865722656,322347.0
2009-07-08,23.237287521362305,48.705299377441406,48.80270004272461,48.218299865722656,48.31570053100586,117030.0
2009-07-09,23.516149520874023,49.289798736572266,50.55609893798828,48.705299377441406,48.705299377441406,204290.0
2009-07-10,23.516149520874023,49.289798736572266,50.653499603271484,49.19240188598633,50.166500091552734,150908.0
2009-07-13,22.84225082397461,47.87730026245117,49.582000732421875,47.8286018371582,49.48460006713867,202237.0
2009-07-14,23.330272674560547,48.90019989013672,48.90019989013672,48.023399353027344,48.6078987121582,110871.0
2009-07-15,23.60909080505371,49.48460006713867,49.67940139770508,48.99760055541992,49.19240188598633,139615.0
2009-07-16,23.98089027404785,50.26390075683594,51.14059829711914,49.67940139770508,49.97169876098633,434244.0
2009-07-17,24.538576126098633,51.43280029296875,51.62770080566406,50.36130142211914,50.75090026855469,415766.0
2009-07-20,25.3751163482666,53.18619918823242,53.38100051879883,52.11470031738281,52.11470031738281,441430.0
2009-07-21,26.118728637695312,54.74480056762695,55.621498107910156,53.77069854736328,54.54999923706055,785335.0
2009-07-22,25.839862823486328,54.160301208496094,55.32929992675781,54.06290054321289,54.93960189819336,389074.0
2009-07-23,26.118728637695312,54.74480056762695,56.498199462890625,53.57590103149414,54.160301208496094,440404.0
2009-07-24,25.79339599609375,54.06290054321289,56.01110076904297,54.06290054321289,55.32929992675781,281283.0
2009-07-27,25.46805763244629,53.38100051879883,54.2577018737793,53.38100051879883,54.160301208496094,147828.0
2009-07-28,25.839862823486328,54.160301208496094,54.842201232910156,53.38100051879883,53.38100051879883,224821.0
2009-07-29,25.700454711914062,53.868099212646484,54.842201232910156,53.77069854736328,54.64739990234375,174519.0
2009-07-30,25.421588897705078,53.283599853515625,53.673301696777344,52.60169982910156,53.673301696777344,144748.0
2009-07-31,25.700454711914062,53.868099212646484,54.842201232910156,53.673301696777344,53.673301696777344,185811.0
2009-08-03,25.56104850769043,53.57590103149414,54.2577018737793,53.08879852294922,53.868099212646484,152961.0
2009-08-04,24.910375595092773,52.212100982666016,54.2577018737793,52.212100982666016,53.673301696777344,187864.0
2009-08-05,24.585044860839844,51.53020095825195,52.30950164794922,50.75090026855469,52.30950164794922,153987.0
2009-08-06,24.16676902770996,50.653499603271484,51.53020095825195,49.67940139770508,51.14059829711914,186838.0
2009-08-10,24.538576126098633,51.43280029296875,51.62770080566406,50.26390075683594,51.43280029296875,55435.0
2009-08-11,24.95684814453125,52.30950164794922,52.30950164794922,51.0432014465332,51.62770080566406,147828.0
2009-08-12,25.46805763244629,53.38100051879883,53.868099212646484,52.30950164794922,53.08879852294922,208396.0
2009-08-13,26.025789260864258,54.54999923706055,55.52410125732422,53.57590103149414,53.57590103149414,297709.0
2009-08-14,25.79339599609375,54.06290054321289,55.52410125732422,53.96549987792969,54.54999923706055,200183.0
2009-08-17,25.607519149780273,53.673301696777344,54.160301208496094,53.57590103149414,53.77069854736328,178625.0
2009-08-18,24.95684814453125,52.30950164794922,53.57590103149414,51.62770080566406,53.57590103149414,169386.0
2009-08-19,24.910375595092773,52.212100982666016,53.08879852294922,52.11470031738281,52.30950164794922,66728.0
2009-08-20,24.81743812561035,52.01729965209961,52.406898498535156,51.43280029296875,51.919898986816406,139615.0
2009-08-21,24.81743812561035,52.01729965209961,53.08879852294922,51.62770080566406,52.11470031738281,131402.0
2009-08-24,24.95684814453125,52.30950164794922,52.796600341796875,52.30950164794922,52.406898498535156,90339.0
2009-08-25,24.910375595092773,52.212100982666016,53.08879852294922,52.01729965209961,52.99140167236328,59542.0
2009-08-26,26.62994384765625,55.81629943847656,55.81629943847656,51.14059829711914,52.30950164794922,959854.0
2009-08-27,26.49053382873535,55.52410125732422,57.95930099487305,55.52410125732422,56.40079879760742,1112815.0
2009-08-28,26.53700065612793,55.621498107910156,56.498199462890625,55.0369987487793,55.52410125732422,542035.0
2009-08-31,27.791820526123047,58.2515983581543,58.4463996887207,56.790401458740234,56.790401458740234,987572.0
2009-09-01,28.90718650817871,60.58940124511719,61.076499938964844,58.2515983581543,58.93339920043945,803814.0
2009-09-02,29.511384963989258,61.85580062866211,61.95320129394531,59.90760040283203,60.39459991455078,667278.0
2009-09-03,29.04663848876953,60.88169860839844,62.14799880981445,60.39459991455078,61.85580062866211,390101.0
2009-09-04,29.093111038208008,60.97909927368164,61.6609001159668,60.686798095703125,61.17390060424805,391128.0
2009-09-07,30.766157150268555,64.48580169677734,65.07029724121094,61.36869812011719,61.36869812011719,535876.0
2009-09-08,29.790203094482422,62.44020080566406,65.1677017211914,62.44020080566406,64.7780990600586,627241.0
2009-09-09,29.093111038208008,60.97909927368164,63.21950149536133,60.97909927368164,62.44020080566406,376756.0
2009-09-10,28.674837112426758,60.10240173339844,62.245399475097656,58.73860168457031,61.36869812011719,394207.0
2009-09-11,28.90718650817871,60.58940124511719,60.97909927368164,60.005001068115234,60.88169860839844,210449.0
2009-09-14,28.90718650817871,60.58940124511719,60.686798095703125,59.51789855957031,60.29719924926758,157067.0
2009-09-15,29.464916229248047,61.758399963378906,61.758399963378906,60.686798095703125,60.686798095703125,144748.0
2009-09-16,29.790203094482422,62.44020080566406,62.44020080566406,61.36869812011719,62.34280014038086,284363.0
2009-09-17,30.069061279296875,63.02470016479492,64.38839721679688,62.829898834228516,62.92729949951172,411659.0
2009-09-18,30.347932815551758,63.60919952392578,63.706600189208984,62.34280014038086,63.706600189208984,257672.0
2009-09-21,31.323890686035156,65.65480041503906,66.23919677734375,63.80400085449219,64.09619903564453,464015.0
2009-09-22,30.952083587646484,64.87550354003906,66.04440307617188,64.29100036621094,65.9469985961914,355197.0
2009-09-23,30.6732177734375,64.29100036621094,65.84960174560547,62.92729949951172,65.1677017211914,570779.0
2009-09-24,30.301410675048828,63.51169967651367,64.09619903564453,62.829898834228516,63.90140151977539,173492.0
2009-09-25,31.370357513427734,65.752197265625,66.53150177001953,62.92729949951172,62.92729949951172,335692.0
2009-09-28,32.29984664916992,67.70040130615234,68.67449951171875,65.752197265625,66.04440307617188,905445.0
2009-09-29,32.29984664916992,67.70040130615234,68.67449951171875,66.53150177001953,67.99259948730469,317214.0
2009-09-30,33.182861328125,69.55120086669922,69.64859771728516,66.82369995117188,68.08999633789062,394207.0
2009-10-01,32.578704833984375,68.28489685058594,70.6227035522461,68.28489685058594,70.42790222167969,299762.0
2009-10-02,33.229331970214844,69.64859771728516,71.30460357666016,67.21330261230469,67.21330261230469,507131.0
2009-10-05,33.78700637817383,70.81749725341797,71.01239776611328,70.13569641113281,70.13569641113281,235087.0
2009-10-06,33.92646408081055,71.10980224609375,71.5968017578125,70.72010040283203,71.01239776611328,333639.0
2009-10-07,32.996978759765625,69.1615982055664,71.5968017578125,68.47969818115234,71.10980224609375,343905.0
2009-10-08,32.11396408081055,67.31079864501953,69.64859771728516,66.92109680175781,69.1615982055664,467095.0
2009-10-09,32.346317291259766,67.79779815673828,68.08999633789062,66.14179992675781,68.08999633789062,291549.0
2009-10-12,32.62517547607422,68.3823013305664,68.9666976928711,67.70040130615234,67.79779815673828,147828.0
2009-10-13,32.485713958740234,68.08999633789062,68.1875,67.01850128173828,67.50559997558594,245353.0
2009-10-14,32.5322380065918,68.1875,68.67449951171875,67.89520263671875,68.1875,288469.0
2009-10-15,32.067447662353516,67.21330261230469,68.57710266113281,67.21330261230469,68.47969818115234,254592.0
2009-10-16,32.71812057495117,68.57710266113281,69.1615982055664,67.21330261230469,67.70040130615234,273071.0
2009-10-19,34.29827117919922,71.88909912109375,72.08390045166016,68.77189636230469,68.77189636230469,690890.0
2009-10-20,33.50819396972656,70.23310089111328,72.76580047607422,70.03829956054688,72.76580047607422,249459.0
2009-10-21,32.903995513916016,68.9666976928711,70.91490173339844,68.77189636230469,69.94080352783203,283337.0
2009-10-22,31.974510192871094,67.01850128173828,69.1615982055664,66.53150177001953,68.86930084228516,314134.0
2009-10-23,32.29984664916992,67.70040130615234,68.57710266113281,67.01850128173828,67.01850128173828,228928.0
2009-10-26,31.881572723388672,66.82369995117188,68.1875,66.82369995117188,67.70040130615234,213529.0
2009-10-27,31.602699279785156,66.23919677734375,66.82369995117188,65.26509857177734,66.82369995117188,249459.0
2009-10-28,31.370357513427734,65.752197265625,66.72630310058594,65.45999908447266,66.23919677734375,190944.0
2009-10-29,30.440876007080078,63.80400085449219,64.48580169677734,62.14799880981445,64.29100036621094,387021.0
2009-10-30,30.487340927124023,63.90140151977539,65.07029724121094,63.316898345947266,63.316898345947266,189918.0
2009-11-02,30.5338077545166,63.99879837036133,64.29100036621094,62.34280014038086,62.34280014038086,129349.0
2009-11-03,30.998552322387695,64.972900390625,65.26509857177734,63.99879837036133,63.99879837036133,138589.0
2009-11-04,31.323890686035156,65.65480041503906,66.14179992675781,65.26509857177734,65.752197265625,122163.0
2009-11-05,31.416826248168945,65.84960174560547,66.72630310058594,65.65480041503906,66.72630310058594,112924.0
2009-11-06,31.23094940185547,65.45999908447266,66.72630310058594,65.07029724121094,66.23919677734375,98552.0
2009-11-09,31.323890686035156,65.65480041503906,65.84960174560547,65.36250305175781,65.45999908447266,67754.0
2009-11-10,31.602699279785156,66.23919677734375,66.53150177001953,65.65480041503906,66.04440307617188,71861.0
2009-11-11,31.881572723388672,66.82369995117188,66.82369995117188,65.752197265625,66.72630310058594,68781.0
2009-11-12,31.6491756439209,66.33660125732422,67.11589813232422,65.84960174560547,66.72630310058594,89313.0
2009-11-13,31.509765625,66.04440307617188,66.43409729003906,64.58329772949219,65.752197265625,51329.0
2009-11-16,31.974510192871094,67.01850128173828,67.11589813232422,65.9469985961914,66.23919677734375,221742.0
2009-11-17,31.6491756439209,66.33660125732422,67.99259948730469,66.23919677734375,67.99259948730469,134482.0
2009-11-18,32.02097702026367,67.11589813232422,67.70040130615234,66.33660125732422,66.72630310058594,283337.0
2009-11-19,32.81105422973633,68.77189636230469,69.35639953613281,66.62889862060547,67.11589813232422,395234.0
2009-11-20,32.346317291259766,67.79779815673828,68.67449951171875,67.60299682617188,67.79779815673828,243300.0
2009-11-23,32.067447662353516,67.21330261230469,68.67449951171875,67.21330261230469,67.99259948730469,149881.0
2009-11-24,32.996978759765625,69.1615982055664,70.6227035522461,67.408203125,67.408203125,434244.0
2009-11-25,32.764583587646484,68.67449951171875,70.03829956054688,68.67449951171875,69.1615982055664,123190.0
2009-11-26,32.43925476074219,67.99259948730469,69.1615982055664,67.89520263671875,68.47969818115234,99578.0
2009-11-27,31.184431076049805,65.36250305175781,67.70040130615234,65.26509857177734,67.70040130615234,302842.0
2009-11-30,31.742164611816406,66.53150177001953,67.408203125,65.55740356445312,65.55740356445312,208396.0
2009-12-01,32.206905364990234,67.50559997558594,67.70040130615234,66.53150177001953,66.53150177001953,232007.0
2009-12-02,32.11396408081055,67.31079864501953,68.67449951171875,67.21330261230469,67.99259948730469,200183.0
2009-12-03,31.83510398864746,66.72630310058594,67.70040130615234,66.14179992675781,67.50559997558594,295656.0
2009-12-04,31.974510192871094,67.01850128173828,67.31079864501953,66.33660125732422,66.72630310058594,201210.0
2009-12-07,33.04344940185547,69.25900268554688,69.74600219726562,67.70040130615234,69.74600219726562,295656.0
2009-12-08,32.764583587646484,68.67449951171875,70.23310089111328,68.08999633789062,70.23310089111328,217635.0
2009-12-09,33.50819396972656,70.23310089111328,70.42790222167969,67.99259948730469,68.3823013305664,399340.0
2009-12-10,32.764583587646484,68.67449951171875,71.88909912109375,68.1875,70.81749725341797,552301.0
2009-12-11,32.950462341308594,69.06410217285156,69.84339904785156,68.86930084228516,68.9666976928711,164253.0
2009-12-14,33.32227325439453,69.84339904785156,70.13569641113281,69.1615982055664,69.1615982055664,199157.0
2009-12-15,33.182861328125,69.55120086669922,70.13569641113281,69.25900268554688,69.84339904785156,141668.0
2009-12-16,33.554664611816406,70.33049774169922,71.30460357666016,69.1615982055664,69.55120086669922,227901.0
2009-12-17,33.50819396972656,70.23310089111328,71.10980224609375,69.84339904785156,70.81749725341797,420899.0
2009-12-18,33.13638687133789,69.45379638671875,70.13569641113281,69.35639953613281,70.13569641113281,71861.0
2009-12-21,32.996978759765625,69.1615982055664,69.94080352783203,68.9666976928711,69.45379638671875,182732.0
2009-12-22,33.46172332763672,70.13569641113281,70.52529907226562,69.55120086669922,69.55120086669922,208396.0
2009-12-23,33.972930908203125,71.20719909667969,72.27870178222656,70.13569641113281,70.13569641113281,649826.0
2009-12-24,33.601131439208984,70.42790222167969,71.49939727783203,70.13569641113281,71.20719909667969,339799.0
2009-12-25,33.601131439208984,70.42790222167969,70.81749725341797,69.94080352783203,70.72010040283203,199157.0
2009-12-28,33.8799934387207,71.01239776611328,71.01239776611328,69.74600219726562,70.6227035522461,204290.0
2009-12-29,33.78700637817383,70.81749725341797,71.5968017578125,70.72010040283203,71.30460357666016,215582.0
2009-12-30,33.50819396972656,70.23310089111328,71.49939727783203,70.13569641113281,70.81749725341797,271018.0
2009-12-31,33.69407272338867,70.6227035522461,71.10980224609375,70.23310089111328,70.23310089111328,217635.0
2010-01-04,33.78700637817383,70.81749725341797,71.5968017578125,70.42790222167969,71.10980224609375,222768.0
2010-01-05,33.415252685546875,70.03829956054688,71.5968017578125,69.74600219726562,71.4020004272461,240220.0
2010-01-06,33.415252685546875,70.03829956054688,70.42790222167969,69.55120086669922,69.74600219726562,307975.0
2010-01-07,32.764583587646484,68.67449951171875,70.91490173339844,68.3823013305664,70.13569641113281,274097.0
2010-01-08,33.08992385864258,69.35639953613281,70.6227035522461,68.77189636230469,70.6227035522461,106765.0
2010-01-11,33.182861328125,69.55120086669922,70.13569641113281,69.1615982055664,69.35639953613281,132429.0
2010-01-12,32.903995513916016,68.9666976928711,69.64859771728516,68.86930084228516,69.55120086669922,130376.0
2010-01-13,32.996978759765625,69.1615982055664,69.45379638671875,68.1875,68.1875,86233.0
2010-01-14,33.04344940185547,69.25900268554688,69.45379638671875,69.06410217285156,69.1615982055664,142695.0
2010-01-15,33.368743896484375,69.94080352783203,70.6227035522461,69.25900268554688,69.25900268554688,166306.0
2010-01-18,33.182861328125,69.55120086669922,69.94080352783203,69.25900268554688,69.94080352783203,111897.0
2010-01-19,33.554664611816406,70.33049774169922,71.5968017578125,69.64859771728516,69.64859771728516,295656.0
2010-01-20,34.39120864868164,72.08390045166016,73.44760131835938,70.6227035522461,71.10980224609375,1051220.0
2010-01-21,33.601131439208984,70.42790222167969,72.66840362548828,70.23310089111328,72.3760986328125,391128.0
2010-01-22,32.81105422973633,68.77189636230469,69.64859771728516,68.67449951171875,69.45379638671875,388048.0
2010-01-25,32.5322380065918,68.1875,68.77189636230469,67.21330261230469,67.79779815673828,257672.0
2010-01-26,31.045019149780273,65.07029724121094,68.77189636230469,64.38839721679688,68.3823013305664,278204.0
2010-01-27,31.23094940185547,65.45999908447266,66.43409729003906,64.38839721679688,65.07029724121094,160147.0
2010-01-28,32.29984664916992,67.70040130615234,67.70040130615234,65.84960174560547,65.84960174560547,147828.0
2010-01-29,32.067447662353516,67.21330261230469,67.408203125,65.752197265625,66.43409729003906,87259.0
2010-02-01,31.602699279785156,66.23919677734375,67.21330261230469,66.14179992675781,67.01850128173828,93419.0
2010-02-02,31.184431076049805,65.36250305175781,67.408203125,65.36250305175781,67.31079864501953,130376.0
2010-02-03,31.370357513427734,65.752197265625,66.43409729003906,65.36250305175781,65.752197265625,86233.0
2010-02-04,31.83510398864746,66.72630310058594,66.82369995117188,65.84960174560547,66.43409729003906,52356.0
2010-02-05,30.766157150268555,64.48580169677734,65.45999908447266,64.29100036621094,65.26509857177734,201210.0
2010-02-08,30.719688415527344,64.38839721679688,64.58329772949219,61.36869812011719,61.36869812011719,61595.0
2010-02-09,31.27741813659668,65.55740356445312,65.65480041503906,63.41429901123047,63.41429901123047,86233.0
2010-02-10,31.13796043395996,65.26509857177734,66.53150177001953,65.07029724121094,65.36250305175781,109844.0
2010-02-22,31.416826248168945,65.84960174560547,66.53150177001953,65.84960174560547,66.53150177001953,68781.0
2010-02-23,31.13796043395996,65.26509857177734,65.84960174560547,65.07029724121094,65.84960174560547,114977.0
2010-02-24,31.13796043395996,65.26509857177734,65.84960174560547,65.07029724121094,65.26509857177734,100605.0
2010-02-25,30.208473205566406,63.316898345947266,66.04440307617188,62.829898834228516,66.04440307617188,370596.0
2010-02-26,30.208473205566406,63.316898345947266,64.193603515625,63.122100830078125,63.60919952392578,165280.0
2010-03-01,30.440876007080078,63.80400085449219,64.68070220947266,63.80400085449219,63.80400085449219,182732.0
2010-03-02,30.905614852905273,64.7780990600586,65.07029724121094,64.09619903564453,64.29100036621094,189918.0
2010-03-03,30.6732177734375,64.29100036621094,65.1677017211914,64.29100036621094,64.7780990600586,142695.0
2010-03-04,31.09149169921875,65.1677017211914,65.1677017211914,64.29100036621094,64.7780990600586,139615.0
2010-03-05,31.788633346557617,66.62889862060547,66.62889862060547,65.65480041503906,65.752197265625,313107.0
2010-03-08,33.972930908203125,71.20719909667969,71.20719909667969,68.67449951171875,68.77189636230469,950615.0
2010-03-09,33.229331970214844,69.64859771728516,71.10980224609375,69.35639953613281,71.10980224609375,580019.0
2010-03-10,33.229331970214844,69.64859771728516,70.33049774169922,69.25900268554688,70.13569641113281,198130.0
2010-03-11,33.08992385864258,69.35639953613281,70.23310089111328,68.9666976928711,70.13569641113281,179652.0
2010-03-12,32.903995513916016,68.9666976928711,69.35639953613281,68.08999633789062,69.35639953613281,323373.0
2010-03-15,32.392784118652344,67.89520263671875,68.9666976928711,67.89520263671875,68.9666976928711,195051.0
2010-03-16,32.346317291259766,67.79779815673828,68.28489685058594,67.408203125,67.60299682617188,139615.0
2010-03-17,32.67164611816406,68.47969818115234,68.9666976928711,68.1875,68.67449951171875,200183.0
2010-03-18,32.903995513916016,68.9666976928711,69.84339904785156,68.47969818115234,68.67449951171875,233034.0
2010-03-19,34.205284118652344,71.69419860839844,72.5708999633789,69.64859771728516,69.64859771728516,691916.0
2010-03-23,33.740543365478516,70.72010040283203,71.49939727783203,70.13569641113281,70.13569641113281,300788.0
2010-03-24,33.554664611816406,70.33049774169922,71.30460357666016,70.23310089111328,71.10980224609375,211476.0
2010-03-25,33.368743896484375,69.94080352783203,70.52529907226562,69.84339904785156,70.33049774169922,90339.0
2010-03-26,33.46172332763672,70.13569641113281,70.72010040283203,69.64859771728516,69.64859771728516,130376.0
2010-03-29,33.50819396972656,70.23310089111328,70.72010040283203,69.84339904785156,70.72010040283203,179652.0
2010-03-30,33.229331970214844,69.64859771728516,70.6227035522461,69.64859771728516,70.6227035522461,230981.0
2010-03-31,33.554664611816406,70.33049774169922,70.52529907226562,69.64859771728516,69.64859771728516,149881.0
2010-04-01,33.554664611816406,70.33049774169922,70.81749725341797,70.13569641113281,70.33049774169922,123190.0
2010-04-02,33.8799934387207,71.01239776611328,71.01239776611328,70.23310089111328,70.72010040283203,187864.0
2010-04-06,33.78700637817383,70.81749725341797,71.5968017578125,70.81749725341797,71.5968017578125,182732.0
2010-04-07,33.92646408081055,71.10980224609375,71.49939727783203,70.6227035522461,71.10980224609375,143721.0
2010-04-08,33.83348083496094,70.91490173339844,71.30460357666016,70.23310089111328,71.10980224609375,165280.0
2010-04-09,33.601131439208984,70.42790222167969,70.91490173339844,70.13569641113281,70.91490173339844,166306.0
2010-04-12,34.205284118652344,71.69419860839844,72.08390045166016,71.20719909667969,71.4020004272461,320294.0
2010-04-13,33.8799934387207,71.01239776611328,72.08390045166016,71.01239776611328,72.08390045166016,160147.0
2010-04-14,34.06587219238281,71.4020004272461,71.4020004272461,70.6227035522461,71.4020004272461,164253.0
2010-04-15,36.43606185913086,76.36990356445312,76.36990356445312,71.88909912109375,71.98650360107422,2028526.0
2010-04-16,36.807861328125,77.14920043945312,79.38970184326172,76.36990356445312,77.73370361328125,1832448.0
2010-04-19,35.3206901550293,74.03209686279297,76.95439910888672,73.3501968383789,75.98030090332031,664198.0
2010-04-20,37.179664611816406,77.92849731445312,77.92849731445312,74.32430267333984,74.51909637451172,455802.0
2010-04-21,39.78224563598633,83.38349914550781,83.38349914550781,79.87670135498047,79.87670135498047,1164144.0
2010-04-22,39.59636688232422,82.993896484375,84.74729919433594,81.92240142822266,83.77320098876953,1144639.0
2010-04-23,39.3175048828125,82.4094009399414,83.57830047607422,79.87670135498047,82.993896484375,808946.0
2010-04-26,39.08515548706055,81.92240142822266,83.28610229492188,81.33789825439453,82.79900360107422,470174.0
2010-04-27,39.0386848449707,81.82499694824219,84.35759735107422,80.94819641113281,82.31199645996094,613896.0
2010-04-28,38.43449020385742,80.55860137939453,80.85079956054688,78.41560363769531,78.8051986694336,448616.0
2010-04-29,37.96974563598633,79.58450317382812,80.85079956054688,79.38970184326172,80.55860137939453,272044.0
2010-04-30,37.876808166503906,79.38970184326172,81.2405014038086,78.70780181884766,80.94819641113281,630321.0
2010-05-03,38.480953216552734,80.65599822998047,81.2405014038086,78.90260314941406,79.87670135498047,514317.0
2010-05-04,38.43449020385742,80.55860137939453,81.53269958496094,79.09750366210938,81.33789825439453,321320.0
2010-05-05,36.761390686035156,77.05180358886719,78.90260314941406,76.46739959716797,78.0259017944336,648800.0
2010-05-06,35.3206901550293,74.03209686279297,76.36990356445312,73.8373031616211,74.51909637451172,583098.0
2010-05-07,36.34312057495117,76.17510223388672,76.17510223388672,71.5968017578125,71.5968017578125,394207.0
2010-05-10,36.38958740234375,76.27249908447266,76.46739959716797,75.10359954833984,76.17510223388672,164253.0
2010-05-11,36.25018310546875,75.98030090332031,77.92849731445312,75.88289642333984,77.92849731445312,268964.0
2010-05-12,36.203704833984375,75.88289642333984,76.66220092773438,74.51909637451172,76.27249908447266,151934.0
2010-05-13,36.529048919677734,76.5647964477539,77.44149780273438,75.98030090332031,75.98030090332031,176572.0
2010-05-14,36.71492385864258,76.95439910888672,76.95439910888672,76.07769775390625,76.17510223388672,124216.0
2010-05-17,36.017784118652344,75.49320220947266,76.95439910888672,75.0062026977539,76.95439910888672,186838.0
2010-05-18,36.06430435180664,75.5906982421875,76.36990356445312,74.22689819335938,75.98030090332031,112924.0
2010-05-19,36.06430435180664,75.5906982421875,75.5906982421875,73.25279998779297,75.0062026977539,122163.0
2010-05-20,35.3206901550293,74.03209686279297,75.49320220947266,74.03209686279297,75.49320220947266,79047.0
2010-05-21,33.83348083496094,70.91490173339844,72.08390045166016,70.23310089111328,70.6227035522461,331586.0
2010-05-24,34.112342834472656,71.49939727783203,71.88909912109375,70.91490173339844,70.91490173339844,131402.0
2010-05-25,32.71812057495117,68.57710266113281,71.49939727783203,67.21330261230469,71.49939727783203,338772.0
2010-05-26,33.13638687133789,69.45379638671875,70.23310089111328,69.06410217285156,69.06410217285156,114977.0
2010-05-27,34.205284118652344,71.69419860839844,71.69419860839844,69.45379638671875,70.13569641113281,104711.0
2010-05-28,34.34474182128906,71.98650360107422,72.86319732666016,71.69419860839844,72.1812973022461,153987.0
2010-05-31,34.39120864868164,72.08390045166016,72.08390045166016,71.4020004272461,71.69419860839844,48249.0
2010-06-01,34.205284118652344,71.69419860839844,72.47350311279297,71.5968017578125,71.98650360107422,52356.0
2010-06-02,33.69407272338867,70.6227035522461,71.69419860839844,70.6227035522461,71.10980224609375,80073.0
2010-06-03,34.29827117919922,71.88909912109375,72.08390045166016,71.10980224609375,71.10980224609375,71861.0
2010-06-04,34.29827117919922,71.88909912109375,72.5708999633789,71.88909912109375,71.88909912109375,71861.0
2010-06-07,33.415252685546875,70.03829956054688,70.6227035522461,69.35639953613281,69.64859771728516,172466.0
2010-06-08,34.205284118652344,71.69419860839844,72.76580047607422,70.33049774169922,70.33049774169922,85206.0
2010-06-09,33.368743896484375,69.94080352783203,71.69419860839844,69.25900268554688,71.69419860839844,92392.0
2010-06-10,33.92646408081055,71.10980224609375,71.10980224609375,70.13569641113281,71.01239776611328,61595.0
2010-06-11,34.670074462890625,72.66840362548828,73.93470001220703,71.98650360107422,72.5708999633789,163227.0
2010-06-14,34.62355422973633,72.5708999633789,73.15540313720703,72.1812973022461,73.15540313720703,24638.0
2010-06-15,34.670074462890625,72.66840362548828,72.96060180664062,72.47350311279297,72.86319732666016,69808.0
2010-06-17,34.76300811767578,72.86319732666016,73.15540313720703,72.5708999633789,72.86319732666016,118057.0
2010-06-18,35.553043365478516,74.51909637451172,75.88289642333984,72.96060180664062,73.73989868164062,259725.0
2010-06-21,35.785430908203125,75.0062026977539,75.7854995727539,74.51909637451172,75.0062026977539,112924.0
2010-06-22,35.87836837768555,75.20099639892578,75.49320220947266,74.8114013671875,75.49320220947266,104711.0
2010-06-23,35.831905364990234,75.10359954833984,75.20099639892578,74.22689819335938,74.90879821777344,81100.0
2010-06-24,35.831905364990234,75.10359954833984,75.49320220947266,75.10359954833984,75.10359954833984,75967.0
2010-06-25,35.3206901550293,74.03209686279297,74.51909637451172,73.64240264892578,74.22689819335938,128323.0
2010-06-29,34.1588134765625,71.5968017578125,74.22689819335938,71.49939727783203,74.03209686279297,338772.0
2010-06-30,33.83348083496094,70.91490173339844,71.30460357666016,69.94080352783203,70.33049774169922,236114.0
2010-07-01,33.78700637817383,70.81749725341797,71.5968017578125,70.52529907226562,70.72010040283203,96499.0
2010-07-02,34.0194091796875,71.30460357666016,71.5968017578125,70.72010040283203,71.10980224609375,161173.0
2010-07-05,34.85594940185547,73.05799865722656,73.15540313720703,71.30460357666016,71.30460357666016,435271.0
2010-07-06,35.0096321105957,69.1615982055664,69.64859771728516,68.67449951171875,69.1615982055664,342878.0
2010-07-07,35.058937072753906,69.25900268554688,69.94080352783203,69.1615982055664,69.1615982055664,157067.0
2010-07-08,35.25615310668945,69.64859771728516,70.6227035522461,69.45379638671875,69.84339904785156,152961.0
2010-07-09,35.108238220214844,69.35639953613281,70.33049774169922,69.35639953613281,69.94080352783203,102658.0
2010-07-12,34.96027755737305,69.06410217285156,69.55120086669922,68.86930084228516,69.35639953613281,148854.0
2010-07-13,34.91097640991211,68.9666976928711,69.35639953613281,68.9666976928711,69.06410217285156,69808.0
2010-07-14,35.25615310668945,69.64859771728516,70.23310089111328,69.25900268554688,69.25900268554688,126270.0
2010-07-15,35.058937072753906,69.25900268554688,69.74600219726562,69.25900268554688,69.64859771728516,83153.0
2010-07-16,34.81236267089844,68.77189636230469,69.25900268554688,68.77189636230469,68.86930084228516,128323.0
2010-07-19,34.615150451660156,68.3823013305664,68.67449951171875,68.1875,68.1875,58515.0
2010-07-20,34.96027755737305,69.06410217285156,69.55120086669922,68.3823013305664,68.3823013305664,85206.0
2010-07-21,35.108238220214844,69.35639953613281,69.74600219726562,68.86930084228516,69.25900268554688,139615.0
2010-07-22,35.40406799316406,69.94080352783203,69.94080352783203,69.06410217285156,69.94080352783203,90339.0
2010-07-23,36.2916374206543,71.69419860839844,71.69419860839844,70.03829956054688,70.52529907226562,453749.0
2010-07-26,36.981990814208984,73.05799865722656,73.54499816894531,72.1812973022461,73.54499816894531,706288.0
2010-07-27,36.53820037841797,72.1812973022461,73.05799865722656,72.1812973022461,73.05799865722656,365463.0
2010-07-28,36.73542022705078,72.5708999633789,73.05799865722656,72.08390045166016,73.05799865722656,138589.0
2010-07-29,35.99581527709961,71.10980224609375,72.27870178222656,71.10980224609375,72.08390045166016,114977.0
2010-07-30,35.84785079956055,70.81749725341797,71.49939727783203,70.81749725341797,71.10980224609375,96499.0
2010-08-02,36.3409423828125,71.7916030883789,71.7916030883789,71.10980224609375,71.10980224609375,86233.0
2010-08-03,37.03130340576172,73.15540313720703,74.51909637451172,72.66840362548828,72.66840362548828,551274.0
2010-08-04,36.63681411743164,72.3760986328125,73.15540313720703,72.1812973022461,73.15540313720703,108818.0
2010-08-05,36.04511260986328,71.20719909667969,72.76580047607422,71.20719909667969,72.76580047607422,119083.0
2010-08-06,36.242332458496094,71.5968017578125,71.69419860839844,70.6227035522461,71.10980224609375,131402.0
2010-08-09,36.63681411743164,72.3760986328125,72.66840362548828,71.5968017578125,71.5968017578125,131402.0
2010-08-10,36.04511260986328,71.20719909667969,72.5708999633789,71.10980224609375,72.5708999633789,70834.0
2010-08-11,35.650634765625,70.42790222167969,71.5968017578125,70.33049774169922,71.01239776611328,99578.0
2010-08-12,35.650634765625,70.42790222167969,70.81749725341797,69.64859771728516,69.64859771728516,50303.0
2010-08-13,36.39029312133789,71.88909912109375,72.08390045166016,70.72010040283203,70.91490173339844,164253.0
2010-08-16,37.72160339355469,74.51909637451172,75.20099639892578,72.08390045166016,72.08390045166016,762750.0
2010-08-17,37.327171325683594,73.73989868164062,75.0062026977539,73.54499816894531,75.0062026977539,250486.0
2010-08-18,37.1792106628418,73.44760131835938,74.32430267333984,73.05799865722656,73.54499816894531,250486.0
2010-08-19,37.62299728393555,74.32430267333984,74.51909637451172,73.54499816894531,73.54499816894531,217635.0
2010-08-20,38.80644226074219,76.66220092773438,76.66220092773438,74.03209686279297,74.03209686279297,670358.0
2010-08-23,38.65848159790039,76.36990356445312,79.09750366210938,76.07769775390625,77.73370361328125,817159.0
2010-08-24,38.1160888671875,75.29840087890625,76.46739959716797,75.29840087890625,76.46739959716797,448616.0
2010-08-25,37.672298431396484,74.42169952392578,75.29840087890625,73.64240264892578,75.0062026977539,332612.0
2010-08-26,37.3764762878418,73.8373031616211,75.7854995727539,73.54499816894531,74.03209686279297,170413.0
2010-08-27,37.52438735961914,74.12950134277344,74.42169952392578,73.8373031616211,74.03209686279297,99578.0
2010-08-30,37.03130340576172,73.15540313720703,74.90879821777344,73.15540313720703,74.90879821777344,171439.0
2010-08-31,35.99581527709961,71.10980224609375,72.86319732666016,71.10980224609375,72.86319732666016,301815.0
2010-09-01,36.53820037841797,72.1812973022461,72.47350311279297,71.69419860839844,71.88909912109375,125243.0
2010-09-02,36.5875129699707,72.27870178222656,73.54499816894531,72.27870178222656,73.05799865722656,157067.0
2010-09-03,37.47507858276367,74.03209686279297,74.8114013671875,72.5708999633789,72.96060180664062,292576.0
2010-09-06,37.52438735961914,74.12950134277344,74.6166000366211,74.03209686279297,74.51909637451172,238167.0
2010-09-07,37.52438735961914,74.12950134277344,74.71399688720703,73.93470001220703,74.22689819335938,141668.0
2010-09-08,36.981990814208984,73.05799865722656,73.93470001220703,72.5708999633789,73.54499816894531,143721.0
2010-09-09,37.1792106628418,73.44760131835938,74.03209686279297,73.05799865722656,73.54499816894531,73914.0
2010-09-10,37.77095413208008,74.6166000366211,75.49320220947266,73.93470001220703,73.93470001220703,311054.0
2010-09-13,37.77095413208008,74.6166000366211,75.0062026977539,74.42169952392578,74.6166000366211,185811.0
2010-09-14,37.82025909423828,74.71399688720703,75.0062026977539,74.51909637451172,74.6166000366211,128323.0
2010-09-15,37.968170166015625,75.0062026977539,75.7854995727539,74.6166000366211,74.8114013671875,296682.0
2010-09-16,37.82025909423828,74.71399688720703,75.29840087890625,74.42169952392578,75.20099639892578,214556.0
2010-09-17,38.21469497680664,75.49320220947266,76.27249908447266,75.0062026977539,75.0062026977539,350064.0
2010-09-20,37.62299728393555,74.32430267333984,75.7854995727539,74.12950134277344,75.5906982421875,243300.0
2010-09-21,37.72160339355469,74.51909637451172,75.20099639892578,74.22689819335938,74.6166000366211,242273.0
2010-09-23,37.62299728393555,74.32430267333984,74.90879821777344,74.12950134277344,74.6166000366211,136535.0
2010-09-24,37.86956024169922,74.8114013671875,74.8114013671875,74.03209686279297,74.12950134277344,122163.0
2010-09-27,37.72160339355469,74.51909637451172,75.49320220947266,74.12950134277344,75.0062026977539,172466.0
2010-09-28,37.672298431396484,74.42169952392578,74.71399688720703,74.12950134277344,74.12950134277344,75967.0
2010-09-29,38.165382385253906,75.39579772949219,75.39579772949219,74.32430267333984,74.71399688720703,241247.0
2010-09-30,38.1160888671875,75.29840087890625,75.49320220947266,74.90879821777344,75.49320220947266,127296.0
2010-10-01,38.0667724609375,75.20099639892578,75.7854995727539,75.0062026977539,75.49320220947266,126270.0
2010-10-04,37.62299728393555,74.32430267333984,75.49320220947266,74.32430267333984,75.49320220947266,240220.0
2010-10-05,37.03130340576172,73.15540313720703,74.32430267333984,72.47350311279297,74.32430267333984,225848.0
2010-10-06,37.27781677246094,73.64240264892578,74.03209686279297,73.25279998779297,73.54499816894531,119083.0
2010-10-07,37.327171325683594,73.73989868164062,73.93470001220703,73.64240264892578,73.64240264892578,89313.0
2010-10-08,37.27781677246094,73.64240264892578,74.22689819335938,73.64240264892578,73.73989868164062,96499.0
2010-10-11,36.834075927734375,72.76580047607422,73.8373031616211,72.76580047607422,73.8373031616211,171439.0
2010-10-12,36.14372634887695,71.4020004272461,72.08390045166016,71.20719909667969,71.30460357666016,452723.0
2010-10-13,36.39029312133789,71.88909912109375,71.88909912109375,71.49939727783203,71.69419860839844,175545.0
2010-10-14,36.43960189819336,71.98650360107422,72.27870178222656,71.5968017578125,72.08390045166016,114977.0
2010-10-15,36.14372634887695,71.4020004272461,72.1812973022461,71.4020004272461,71.98650360107422,111897.0
2010-10-18,35.74924850463867,70.6227035522461,71.49939727783203,70.52529907226562,71.10980224609375,92392.0
2010-10-19,35.74924850463867,70.6227035522461,71.10980224609375,70.6227035522461,71.10980224609375,45170.0
2010-10-20,36.39029312133789,71.88909912109375,72.3760986328125,70.6227035522461,70.6227035522461,85206.0
2010-10-21,36.39029312133789,71.88909912109375,72.47350311279297,71.5968017578125,72.47350311279297,44143.0
2010-10-22,36.4889030456543,72.08390045166016,72.27870178222656,71.5968017578125,72.08390045166016,78020.0
2010-10-25,36.5875129699707,72.27870178222656,72.3760986328125,71.88909912109375,72.08390045166016,109844.0
2010-10-26,36.39029312133789,71.88909912109375,72.3760986328125,71.7916030883789,72.27870178222656,112924.0
2010-10-27,36.53820037841797,72.1812973022461,72.66840362548828,71.88909912109375,72.08390045166016,311054.0
2010-10-28,36.73542022705078,72.5708999633789,72.76580047607422,71.88909912109375,72.3760986328125,354171.0
2010-10-29,36.88338088989258,72.86319732666016,74.03209686279297,72.5708999633789,73.54499816894531,278204.0
2010-11-01,36.5875129699707,72.27870178222656,73.93470001220703,72.27870178222656,73.93470001220703,102658.0
2010-11-02,36.094425201416016,71.30460357666016,72.96060180664062,71.30460357666016,72.27870178222656,96499.0
2010-11-03,35.55202865600586,70.23310089111328,71.69419860839844,70.13569641113281,71.30460357666016,251513.0
2010-11-04,35.74924850463867,70.6227035522461,70.91490173339844,69.94080352783203,70.13569641113281,195051.0
2010-11-05,36.14372634887695,71.4020004272461,71.4020004272461,69.94080352783203,71.30460357666016,388048.0
2010-11-08,35.650634765625,70.42790222167969,71.30460357666016,70.42790222167969,71.30460357666016,76.0
2010-11-09,35.60133361816406,70.33049774169922,71.01239776611328,70.13569641113281,70.52529907226562,90339.0
2010-11-10,35.45341873168945,70.03829956054688,70.6227035522461,69.94080352783203,70.33049774169922,67754.0
2010-11-11,35.74924850463867,70.6227035522461,70.6227035522461,70.03829956054688,70.33049774169922,169386.0
2010-11-12,35.502723693847656,70.13569641113281,70.52529907226562,69.1615982055664,69.1615982055664,102658.0
2010-11-15,35.25615310668945,69.64859771728516,70.23310089111328,69.45379638671875,69.94080352783203,78020.0
2010-11-16,35.502723693847656,70.13569641113281,70.42790222167969,69.64859771728516,69.64859771728516,31824.0
2010-11-17,35.45341873168945,70.03829956054688,70.13569641113281,69.64859771728516,69.64859771728516,16425.0
2010-11-18,35.45341873168945,70.03829956054688,70.52529907226562,69.94080352783203,70.52529907226562,56462.0
2010-11-19,35.45341873168945,70.03829956054688,70.33049774169922,70.03829956054688,70.13569641113281,46196.0
2010-11-22,35.45341873168945,70.03829956054688,70.13569641113281,69.74600219726562,70.03829956054688,19505.0
2010-11-23,35.6999397277832,70.52529907226562,70.72010040283203,70.03829956054688,70.13569641113281,84180.0
2010-11-24,35.206851959228516,69.55120086669922,70.13569641113281,69.25900268554688,70.13569641113281,130376.0
2010-11-25,35.15754699707031,69.45379638671875,69.84339904785156,69.35639953613281,69.35639953613281,156040.0
2010-11-26,35.0096321105957,69.1615982055664,69.64859771728516,69.1615982055664,69.64859771728516,126270.0
2010-11-29,35.108238220214844,69.35639953613281,69.64859771728516,69.06410217285156,69.64859771728516,100605.0
2010-11-30,35.45341873168945,70.03829956054688,70.13569641113281,69.25900268554688,69.25900268554688,60568.0
2010-12-01,35.45341873168945,70.03829956054688,70.72010040283203,69.84339904785156,69.84339904785156,122163.0
2010-12-02,35.6999397277832,70.52529907226562,70.6227035522461,70.03829956054688,70.6227035522461,208396.0
2010-12-03,35.55202865600586,70.23310089111328,70.42790222167969,69.64859771728516,70.42790222167969,121137.0
2010-12-06,35.55202865600586,70.23310089111328,70.6227035522461,69.94080352783203,70.13569641113281,165280.0
2010-12-07,36.193031311035156,71.49939727783203,71.88909912109375,69.94080352783203,70.13569641113281,273071.0
2010-12-08,35.74924850463867,70.6227035522461,71.49939727783203,70.33049774169922,71.49939727783203,111897.0
2010-12-09,35.99581527709961,71.10980224609375,72.1812973022461,70.6227035522461,71.10980224609375,367516.0
2010-12-10,35.897159576416016,70.91490173339844,71.49939727783203,70.81749725341797,71.10980224609375,129349.0
2010-12-13,35.99581527709961,71.10980224609375,71.30460357666016,70.72010040283203,71.10980224609375,191971.0
2010-12-14,35.84785079956055,70.81749725341797,71.49939727783203,70.42790222167969,71.10980224609375,165280.0
2010-12-15,35.798553466796875,70.72010040283203,70.72010040283203,69.64859771728516,70.6227035522461,204290.0
2010-12-16,35.60133361816406,70.33049774169922,70.6227035522461,70.13569641113281,70.52529907226562,76994.0
2010-12-17,35.60133361816406,70.33049774169922,71.01239776611328,70.23310089111328,70.6227035522461,80073.0
2010-12-20,35.650634765625,70.42790222167969,71.20719909667969,70.42790222167969,70.91490173339844,100605.0
2010-12-21,35.798553466796875,70.72010040283203,71.10980224609375,70.42790222167969,71.10980224609375,54409.0
2010-12-22,36.094425201416016,71.30460357666016,71.69419860839844,70.81749725341797,71.10980224609375,167.0
2010-12-23,36.14372634887695,71.4020004272461,71.69419860839844,71.4020004272461,71.4020004272461,108818.0
2010-12-24,36.14372634887695,71.4020004272461,71.69419860839844,71.10980224609375,71.4020004272461,126270.0
2010-12-27,36.04511260986328,71.20719909667969,71.4020004272461,71.10980224609375,71.4020004272461,70834.0
2010-12-28,35.897159576416016,70.91490173339844,71.5968017578125,70.72010040283203,71.5968017578125,83153.0
2010-12-29,35.650634765625,70.42790222167969,71.10980224609375,70.42790222167969,70.91490173339844,168359.0
2010-12-30,35.60133361816406,70.33049774169922,70.91490173339844,70.13569641113281,70.42790222167969,50303.0
2010-12-31,35.55202865600586,70.23310089111328,70.52529907226562,70.03829956054688,70.13569641113281,84180.0
2011-01-03,35.60133361816406,70.33049774169922,71.10980224609375,70.13569641113281,70.23310089111328,75967.0
2011-01-04,35.502723693847656,70.13569641113281,70.6227035522461,69.94080352783203,70.6227035522461,89313.0
2011-01-05,35.45341873168945,70.03829956054688,70.33049774169922,70.03829956054688,70.23310089111328,133456.0
2011-01-06,35.502723693847656,70.13569641113281,70.33049774169922,69.84339904785156,70.13569641113281,59542.0
2011-01-07,35.40406799316406,69.94080352783203,70.33049774169922,69.94080352783203,70.13569641113281,63648.0
2011-01-10,35.30546188354492,69.74600219726562,69.94080352783203,68.9666976928711,69.64859771728516,191971.0
2011-01-11,35.502723693847656,70.13569641113281,70.23310089111328,69.74600219726562,69.74600219726562,83153.0
2011-01-12,35.30546188354492,69.74600219726562,70.13569641113281,69.1615982055664,69.1615982055664,46196.0
2011-01-13,35.25615310668945,69.64859771728516,70.33049774169922,69.64859771728516,69.84339904785156,59542.0
2011-01-14,36.242332458496094,71.5968017578125,72.08390045166016,69.64859771728516,69.64859771728516,283337.0
2011-01-17,36.5875129699707,72.27870178222656,72.96060180664062,71.4020004272461,72.3760986328125,349038.0
2011-01-18,37.672298431396484,74.42169952392578,75.39579772949219,72.66840362548828,73.64240264892578,906472.0
2011-01-19,37.3764762878418,73.8373031616211,74.71399688720703,72.96060180664062,74.71399688720703,458882.0
2011-01-20,36.68612289428711,72.47350311279297,73.44760131835938,71.10980224609375,71.10980224609375,164253.0
2011-01-21,37.03130340576172,73.15540313720703,73.25279998779297,72.08390045166016,72.08390045166016,142695.0
2011-01-24,36.73542022705078,72.5708999633789,73.3501968383789,72.27870178222656,73.15540313720703,131402.0
2011-01-25,36.63681411743164,72.3760986328125,72.66840362548828,72.08390045166016,72.5708999633789,116004.0
2011-01-26,36.88338088989258,72.86319732666016,73.25279998779297,72.47350311279297,73.25279998779297,78020.0
2011-01-27,36.68612289428711,72.47350311279297,73.3501968383789,72.3760986328125,73.05799865722656,186838.0
2011-01-28,36.63681411743164,72.3760986328125,72.5708999633789,72.27870178222656,72.47350311279297,90339.0
2011-02-08,35.74924850463867,70.6227035522461,73.15540313720703,70.6227035522461,73.15540313720703,194024.0
2011-02-09,35.99581527709961,71.10980224609375,71.5968017578125,70.91490173339844,71.01239776611328,106765.0
2011-02-10,36.14372634887695,71.4020004272461,71.49939727783203,70.6227035522461,71.49939727783203,104711.0
2011-02-11,35.798553466796875,70.72010040283203,71.49939727783203,70.72010040283203,71.49939727783203,147828.0
2011-02-14,35.946502685546875,71.01239776611328,71.30460357666016,70.6227035522461,70.72010040283203,68781.0
2011-02-15,36.094425201416016,71.30460357666016,71.30460357666016,69.94080352783203,69.94080352783203,35930.0
2011-02-16,35.99581527709961,71.10980224609375,72.27870178222656,71.10980224609375,71.10980224609375,51329.0
2011-02-17,36.094425201416016,71.30460357666016,71.4020004272461,71.20719909667969,71.30460357666016,73914.0
2011-02-18,36.63681411743164,72.3760986328125,72.76580047607422,71.30460357666016,71.4020004272461,122163.0
2011-02-21,39.200923919677734,77.44149780273438,77.44149780273438,74.22689819335938,74.32430267333984,1421816.0
2011-02-22,41.91289520263672,82.79900360107422,82.79900360107422,78.0259017944336,78.8051986694336,3648472.0
2011-02-23,41.074668884277344,81.14309692382812,83.87059783935547,79.87670135498047,83.77320098876953,1677435.0
2011-02-24,43.047035217285156,85.03949737548828,86.30580139160156,80.07160186767578,81.14309692382812,2306729.0
2011-02-25,42.406028747558594,83.77320098876953,85.91619873046875,82.11720275878906,85.72139739990234,1466985.0
2011-03-01,42.65256118774414,84.26020050048828,85.33170318603516,82.11720275878906,83.77320098876953,792521.0
2011-03-02,45.611141204833984,90.10489654541016,90.10489654541016,85.33170318603516,85.33170318603516,1366380.0
2011-03-03,46.79454040527344,92.44270324707031,95.07279968261719,90.59190368652344,94.97540283203125,3028416.0
2011-03-04,46.25214767456055,91.37120056152344,93.31939697265625,91.0790023803711,93.0271987915039,1009130.0
2011-03-07,47.43559265136719,93.70909881591797,97.31320190429688,89.22820281982422,91.17639923095703,2273879.0
2011-03-08,46.843841552734375,92.54010009765625,94.97540283203125,92.54010009765625,93.70909881591797,915711.0
2011-03-09,46.301448822021484,91.46859741210938,94.00129699707031,89.6177978515625,93.0271987915039,1220606.0
2011-03-10,44.77287673950195,88.44889831542969,92.34529876708984,88.44889831542969,91.46859741210938,782255.0
2011-03-11,44.23042678833008,87.3772964477539,89.22820281982422,85.72139739990234,85.72139739990234,788415.0
2011-03-14,43.835994720458984,86.59809875488281,86.59809875488281,81.33789825439453,81.33789825439453,1928947.0
2011-03-15,41.41985321044922,81.82499694824219,87.3772964477539,80.55860137939453,86.11100006103516,1195968.0
2011-03-16,42.89912414550781,84.74729919433594,85.23429870605469,81.82499694824219,83.28610229492188,916738.0
2011-03-17,41.91289520263672,82.79900360107422,84.26020050048828,81.82499694824219,82.79900360107422,457855.0
2011-03-18,43.1456413269043,85.23429870605469,86.30580139160156,83.57830047607422,84.16280364990234,605683.0
2011-03-21,44.3290901184082,87.57219696044922,88.54630279541016,85.91619873046875,86.69550323486328,740165.0
2011-03-22,44.03321838378906,86.98770141601562,88.6436996459961,86.79290008544922,88.15660095214844,428085.0
2011-03-23,43.58943176269531,86.11100006103516,87.3772964477539,85.81880187988281,86.98770141601562,375729.0
2011-03-24,43.392215728759766,85.72139739990234,87.27989959716797,85.72139739990234,87.27989959716797,328506.0
2011-03-25,44.57560729980469,88.05919647216797,90.49449920654297,86.89029693603516,87.66960144042969,1252430.0
2011-03-28,44.526302337646484,87.96179962158203,88.35150146484375,84.74729919433594,88.05919647216797,570779.0
2011-03-29,46.35075378417969,91.56600189208984,92.54010009765625,86.69550323486328,87.57219696044922,1569644.0
2011-03-30,45.90696716308594,90.68930053710938,92.54010009765625,90.59190368652344,92.54010009765625,884913.0
2011-03-31,45.857662200927734,90.59190368652344,92.2479019165039,90.59190368652344,90.98159790039062,602604.0
2011-04-01,45.90696716308594,90.68930053710938,91.17639923095703,90.20230102539062,90.98159790039062,307975.0
2011-04-06,45.611141204833984,90.10489654541016,91.56600189208984,90.10489654541016,91.56600189208984,413712.0
2011-04-07,46.64662551879883,92.15049743652344,93.61160278320312,90.39710235595703,90.59190368652344,750431.0
2011-04-08,45.90696716308594,90.68930053710938,92.54010009765625,90.59190368652344,92.54010009765625,380862.0
2011-04-11,44.87147903442383,88.6436996459961,91.17639923095703,88.25409698486328,90.59190368652344,544088.0
2011-04-12,43.88530731201172,86.69550323486328,87.96179962158203,86.69550323486328,87.66960144042969,517397.0
2011-04-13,43.98391342163086,86.89029693603516,88.15660095214844,85.81880187988281,85.81880187988281,301815.0
2011-04-14,44.27978515625,87.47480010986328,88.6436996459961,86.69550323486328,86.69550323486328,238167.0
2011-04-15,44.87147903442383,88.6436996459961,90.10489654541016,87.66960144042969,87.66960144042969,409606.0
2011-04-18,43.68804168701172,86.30580139160156,88.6436996459961,86.2083969116211,88.6436996459961,415766.0
2011-04-19,42.94843292236328,84.8447036743164,86.2083969116211,83.87059783935547,85.72139739990234,360330.0
2011-04-20,43.49082565307617,85.91619873046875,86.69550323486328,85.13690185546875,85.13690185546875,203263.0
2011-04-21,44.13182830810547,87.18250274658203,87.66960144042969,86.2083969116211,87.66960144042969,282310.0
2011-04-22,43.93460464477539,86.79290008544922,87.66960144042969,86.30580139160156,87.66960144042969,181705.0
2011-04-25,43.540122985839844,86.01360321044922,87.57219696044922,85.81880187988281,87.57219696044922,170413.0
2011-04-26,43.638729095458984,86.2083969116211,87.66960144042969,85.72139739990234,86.01360321044922,211476.0
2011-04-27,43.78669738769531,86.50070190429688,87.18250274658203,86.50070190429688,86.50070190429688,173492.0
2011-04-28,43.49082565307617,85.91619873046875,87.18250274658203,85.91619873046875,87.18250274658203,178625.0
2011-04-29,43.88530731201172,86.69550323486328,88.93589782714844,86.50070190429688,86.50070190429688,556407.0
2011-05-03,42.70185089111328,84.35759735107422,87.47480010986328,84.35759735107422,87.3772964477539,326453.0
2011-05-04,43.835994720458984,86.59809875488281,86.59809875488281,84.26020050048828,84.26020050048828,251513.0
2011-05-05,45.1180534362793,89.13079833984375,89.4229965209961,86.2083969116211,87.47480010986328,684730.0
2011-05-06,44.37839126586914,87.66960144042969,88.8385009765625,86.98770141601562,88.6436996459961,385995.0
2011-05-09,43.49082565307617,85.91619873046875,86.79290008544922,85.23429870605469,86.69550323486328,474281.0
2011-05-10,43.34290313720703,85.6240005493164,86.59809875488281,85.4291000366211,86.01360321044922,297709.0
2011-05-11,43.2442512512207,85.4291000366211,86.30580139160156,85.4291000366211,85.72139739990234,145775.0
2011-05-12,43.392215728759766,85.72139739990234,86.11100006103516,84.8447036743164,85.4291000366211,157067.0
2011-05-13,43.34290313720703,85.6240005493164,87.18250274658203,85.4291000366211,85.72139739990234,164253.0
2011-05-16,42.751163482666016,84.45500183105469,85.91619873046875,84.35759735107422,85.6240005493164,248433.0
2011-05-17,42.4553337097168,83.87059783935547,84.55249786376953,83.87059783935547,84.26020050048828,296682.0
2011-05-18,42.70185089111328,84.35759735107422,84.94210052490234,83.77320098876953,83.77320098876953,101632.0
2011-05-19,42.70185089111328,84.35759735107422,84.94210052490234,84.35759735107422,84.74729919433594,110871.0
2011-05-20,42.406028747558594,83.77320098876953,84.94210052490234,83.77320098876953,84.45500183105469,219689.0
2011-05-23,41.71567916870117,82.4094009399414,83.77320098876953,81.82499694824219,83.77320098876953,245353.0
2011-05-24,41.27189254760742,81.53269958496094,82.31199645996094,81.435302734375,82.0197982788086,285390.0
2011-05-25,40.680198669433594,80.36380004882812,81.82499694824219,78.51300048828125,81.82499694824219,512264.0
2011-05-26,41.41985321044922,81.82499694824219,81.92240142822266,80.16899871826172,80.85079956054688,221742.0
2011-05-27,41.27189254760742,81.53269958496094,82.31199645996094,81.2405014038086,82.31199645996094,131402.0
2011-05-30,41.41985321044922,81.82499694824219,82.70159912109375,81.53269958496094,81.53269958496094,91366.0
2011-05-31,41.91289520263672,82.79900360107422,83.1886978149414,82.0197982788086,82.60420227050781,238167.0
2011-06-01,42.060855865478516,83.09130096435547,83.67579650878906,82.79900360107422,83.67579650878906,109844.0
2011-06-02,41.41985321044922,81.82499694824219,82.50679779052734,81.82499694824219,82.0197982788086,99578.0
2011-06-03,41.66636276245117,82.31199645996094,82.89649963378906,81.82499694824219,81.82499694824219,95472.0
2011-06-07,41.27189254760742,81.53269958496094,82.89649963378906,81.53269958496094,82.31199645996094,171439.0
2011-06-08,42.25807189941406,83.48090362548828,84.26020050048828,81.82499694824219,82.31199645996094,302842.0
2011-06-09,42.060855865478516,83.09130096435547,84.26020050048828,83.09130096435547,83.57830047607422,106765.0
2011-06-10,41.51845932006836,82.0197982788086,83.1886978149414,81.82499694824219,83.1886978149414,157067.0
2011-06-13,40.82810974121094,80.65599822998047,81.82499694824219,80.46119689941406,81.82499694824219,190944.0
2011-06-14,41.222591400146484,81.435302734375,81.72750091552734,80.85079956054688,80.85079956054688,66728.0
2011-06-15,41.469154357910156,81.92240142822266,82.11720275878906,81.33789825439453,82.11720275878906,96499.0
2011-06-16,41.173282623291016,81.33789825439453,81.92240142822266,80.75340270996094,81.92240142822266,103685.0
2011-06-17,41.02537536621094,81.04570007324219,81.33789825439453,80.55860137939453,80.85079956054688,89313.0
2011-06-20,39.989837646484375,79.0,81.435302734375,78.61039733886719,81.33789825439453,207370.0
2011-06-21,40.729488372802734,80.46119689941406,84.26020050048828,79.87670135498047,84.26020050048828,124216.0
2011-06-22,40.92671203613281,80.85079956054688,81.33789825439453,80.85079956054688,81.14309692382812,92392.0
2011-06-23,41.41985321044922,81.82499694824219,81.82499694824219,80.85079956054688,81.63009643554688,69808.0
2011-06-24,41.074668884277344,81.14309692382812,81.82499694824219,80.94819641113281,81.82499694824219,51329.0
2011-06-27,41.173282623291016,81.33789825439453,81.82499694824219,80.94819641113281,81.14309692382812,62621.0
2011-06-28,41.66636276245117,82.31199645996094,82.89649963378906,81.82499694824219,81.82499694824219,129349.0
2011-06-29,41.86358642578125,82.70159912109375,83.38349914550781,82.31199645996094,82.31199645996094,156040.0
2011-06-30,42.01155090332031,82.993896484375,83.48090362548828,82.50679779052734,83.38349914550781,101632.0
2011-07-01,42.307376861572266,83.57830047607422,83.96800231933594,83.09130096435547,83.77320098876953,131402.0
2011-07-04,42.406028747558594,83.77320098876953,83.87059783935547,83.48090362548828,83.77320098876953,281283.0
2011-07-05,42.11015701293945,83.1886978149414,84.06539916992188,83.1886978149414,84.06539916992188,226875.0
2011-07-06,42.307376861572266,83.57830047607422,83.67579650878906,82.79900360107422,82.79900360107422,536902.0
2011-07-07,43.295223236083984,79.38970184326172,80.65599822998047,77.73370361328125,77.73370361328125,640587.0
2011-07-08,43.02958297729492,78.90260314941406,80.36380004882812,78.41560363769531,80.36380004882812,199157.0
2011-07-11,42.81711196899414,78.51300048828125,78.8051986694336,77.92849731445312,78.8051986694336,162200.0
2011-07-12,42.285888671875,77.53890228271484,78.12329864501953,76.5647964477539,77.92849731445312,181705.0
2011-07-13,42.498355865478516,77.92849731445312,78.51300048828125,76.95439910888672,76.95439910888672,81100.0
2011-07-14,41.967132568359375,76.95439910888672,78.31819915771484,75.0062026977539,76.46739959716797,233034.0
2011-07-15,41.701541900634766,76.46739959716797,76.95439910888672,76.27249908447266,76.46739959716797,102658.0
2011-07-18,41.38277816772461,75.88289642333984,77.53890228271484,75.88289642333984,76.46739959716797,91366.0
2011-07-19,41.59525680541992,76.27249908447266,76.46739959716797,75.29840087890625,75.7854995727539,69808.0
2011-07-20,41.860897064208984,76.75959777832031,77.05180358886719,76.27249908447266,76.75959777832031,91366.0
2011-07-21,41.435909271240234,75.98030090332031,77.14920043945312,75.5906982421875,76.46739959716797,90339.0
2011-07-22,41.701541900634766,76.46739959716797,76.66220092773438,75.98030090332031,76.66220092773438,91366.0
2011-07-25,41.170265197753906,75.49320220947266,76.36990356445312,75.49320220947266,75.88289642333984,59542.0
2011-07-26,41.27655792236328,75.68810272216797,76.27249908447266,75.49320220947266,75.49320220947266,47223.0
2011-07-27,41.32966995239258,75.7854995727539,76.36990356445312,75.7854995727539,75.98030090332031,66728.0
2011-07-28,40.95779800415039,75.10359954833984,75.7854995727539,75.10359954833984,75.7854995727539,67754.0
2011-07-29,40.58591842651367,74.42169952392578,75.39579772949219,74.03209686279297,75.10359954833984,126270.0
2011-08-01,40.426570892333984,74.12950134277344,74.90879821777344,74.12950134277344,74.90879821777344,86233.0
2011-08-02,39.94845962524414,73.25279998779297,74.12950134277344,73.15540313720703,74.03209686279297,70834.0
2011-08-03,39.098472595214844,71.69419860839844,73.05799865722656,71.10980224609375,73.05799865722656,213529.0
2011-08-04,38.939125061035156,71.4020004272461,71.88909912109375,71.4020004272461,71.69419860839844,105738.0
2011-08-05,36.38923263549805,66.72630310058594,68.1875,66.53150177001953,67.31079864501953,364437.0
2011-08-08,35.326778411865234,64.7780990600586,67.31079864501953,64.29100036621094,67.21330261230469,142695.0
2011-08-09,34.529911041259766,63.316898345947266,64.193603515625,60.39459991455078,60.39459991455078,291549.0
2011-08-10,36.654815673828125,67.21330261230469,67.60299682617188,64.7780990600586,64.7780990600586,163227.0
2011-08-11,36.12358856201172,66.23919677734375,66.43409729003906,64.29100036621094,64.29100036621094,108818.0
2011-08-12,36.654815673828125,67.21330261230469,69.1615982055664,66.82369995117188,68.1875,125243.0
2011-08-15,36.86733627319336,67.60299682617188,68.08999633789062,67.60299682617188,68.08999633789062,57489.0
2011-08-16,37.07980728149414,67.99259948730469,68.08999633789062,67.70040130615234,67.89520263671875,50303.0
2011-08-17,36.654815673828125,67.21330261230469,68.08999633789062,67.21330261230469,68.08999633789062,23611.0
2011-08-18,36.8142204284668,67.50559997558594,67.50559997558594,66.23919677734375,66.72630310058594,82127.0
2011-08-19,36.654815673828125,67.21330261230469,67.21330261230469,63.316898345947266,63.90140151977539,100605.0
2011-08-22,36.548583984375,67.01850128173828,67.21330261230469,64.38839721679688,67.21330261230469,120110.0
2011-08-23,36.86733627319336,67.60299682617188,68.1875,66.92109680175781,67.50559997558594,173492.0
2011-08-24,36.33610916137695,66.62889862060547,68.47969818115234,66.62889862060547,68.1875,127296.0
2011-08-25,35.645484924316406,65.36250305175781,67.31079864501953,65.36250305175781,66.72630310058594,80073.0
2011-08-26,35.964237213134766,65.9469985961914,66.72630310058594,65.752197265625,65.752197265625,46196.0
2011-08-29,36.92045593261719,67.70040130615234,67.70040130615234,66.23919677734375,66.23919677734375,143721.0
2011-08-30,37.45167922973633,68.67449951171875,68.67449951171875,67.60299682617188,67.70040130615234,123190.0
2011-08-31,37.186092376708984,68.1875,68.67449951171875,67.70040130615234,68.67449951171875,159120.0
2011-09-01,37.186092376708984,68.1875,69.1615982055664,68.1875,69.1615982055664,109844.0
2011-09-02,37.07980728149414,67.99259948730469,68.08999633789062,67.31079864501953,67.70040130615234,65701.0
2011-09-05,36.38923263549805,66.72630310058594,67.21330261230469,66.53150177001953,67.21330261230469,141668.0
2011-09-06,36.500755310058594,66.93080139160156,67.81659698486328,66.4385986328125,67.42289733886719,92454.0
2011-09-07,36.071346282958984,66.14340209960938,67.2260971069336,66.14340209960938,66.93080139160156,73150.0
2011-09-08,36.76911926269531,67.42289733886719,67.91510009765625,66.53710174560547,66.93080139160156,74166.0
2011-09-09,36.93015670776367,67.71820068359375,67.91510009765625,66.93080139160156,67.91510009765625,71118.0
2011-09-13,36.39337158203125,66.73390197753906,66.93080139160156,65.94650268554688,66.93080139160156,55879.0
2011-09-14,35.26613235473633,64.66690063476562,66.73390197753906,64.66690063476562,66.73390197753906,107693.0
2011-09-15,35.212467193603516,64.56849670410156,64.96219635009766,64.07640075683594,64.66690063476562,112773.0
2011-09-16,35.85658645629883,65.74960327148438,65.74960327148438,64.96219635009766,64.96219635009766,139189.0
2011-09-19,35.26613235473633,64.66690063476562,66.34020233154297,64.66690063476562,65.74960327148438,99566.0
2011-09-20,34.9441032409668,64.07640075683594,64.66690063476562,63.87950134277344,63.97800064086914,119885.0
2011-09-21,35.69559860229492,65.45439910888672,65.94650268554688,63.682701110839844,64.07640075683594,167636.0
2011-09-22,35.15880584716797,64.47010040283203,64.96219635009766,64.37169647216797,64.96219635009766,89406.0
2011-09-23,34.62202072143555,63.485801696777344,64.07640075683594,62.1077995300293,62.1077995300293,168652.0
2011-09-26,33.172752380371094,60.82830047607422,63.485801696777344,60.13930130004883,63.485801696777344,105661.0
2011-09-27,32.85066604614258,60.237701416015625,62.1077995300293,59.45029830932617,61.02510070800781,147316.0
2011-09-28,33.28007888793945,61.02510070800781,61.02510070800781,59.745601654052734,59.94240188598633,326128.0
2011-09-29,33.387454986572266,61.22200012207031,61.51729965209961,60.237701416015625,60.82830047607422,130045.0
2011-09-30,33.54849624633789,61.51729965209961,62.0093994140625,61.418800354003906,61.418800354003906,67054.0
2011-10-03,33.54849624633789,61.51729965209961,61.51729965209961,60.13930130004883,60.926700592041016,94486.0
2011-10-04,33.28007888793945,61.02510070800781,61.615699768066406,60.33610153198242,60.33610153198242,54863.0
2011-10-05,33.9779052734375,62.3046989440918,62.3046989440918,60.53300094604492,61.02510070800781,75182.0
2011-10-06,33.387454986572266,61.22200012207031,63.485801696777344,61.22200012207031,63.485801696777344,79246.0
2011-10-07,34.35365295410156,62.99369812011719,63.87950134277344,61.51729965209961,61.51729965209961,186939.0
2011-10-11,34.40731430053711,63.092098236083984,63.485801696777344,62.50149917602539,63.38740158081055,186939.0
2011-10-12,34.24627685546875,62.79679870605469,62.99369812011719,62.206298828125,62.99369812011719,30479.0
2011-10-13,34.03156661987305,62.403099060058594,62.895198822021484,62.206298828125,62.79679870605469,80262.0
2011-10-14,34.35365295410156,62.99369812011719,63.19049835205078,62.0093994140625,62.403099060058594,61974.0
2011-10-17,34.62202072143555,63.485801696777344,63.97800064086914,62.99369812011719,62.99369812011719,94486.0
2011-10-18,34.2999382019043,62.895198822021484,62.99369812011719,62.1077995300293,62.99369812011719,70102.0
2011-10-19,34.46097946166992,63.19049835205078,63.19049835205078,62.79679870605469,62.99369812011719,28447.0
2011-10-20,34.08523178100586,62.50149917602539,63.19049835205078,62.3046989440918,63.19049835205078,36575.0
2011-10-21,34.13895034790039,62.599998474121094,62.895198822021484,62.403099060058594,62.895198822021484,33527.0
2011-10-24,34.62202072143555,63.485801696777344,63.97800064086914,62.895198822021484,62.99369812011719,71118.0
2011-10-25,34.568359375,63.38740158081055,63.78110122680664,63.38740158081055,63.485801696777344,80262.0
2011-10-26,34.890445709228516,63.97800064086914,63.97800064086914,62.895198822021484,62.99369812011719,101598.0
2011-10-27,36.55441665649414,67.0291976928711,68.4072036743164,64.96219635009766,64.96219635009766,311904.0
2011-10-28,35.7492561340332,65.55280303955078,68.4072036743164,64.96219635009766,68.4072036743164,236722.0
2011-10-31,35.69559860229492,65.45439910888672,65.94650268554688,65.35590362548828,65.55280303955078,91438.0
2011-11-01,35.802921295166016,65.65119934082031,65.94650268554688,65.45439910888672,65.45439910888672,89406.0
2011-11-02,35.96397018432617,65.94650268554688,65.94650268554688,64.7654037475586,64.96219635009766,70102.0
2011-11-03,35.641883850097656,65.35590362548828,66.93080139160156,65.35590362548828,65.94650268554688,87374.0
2011-11-04,35.96397018432617,65.94650268554688,66.4385986328125,65.65119934082031,65.94650268554688,104645.0
2011-11-07,35.910301208496094,65.84809875488281,67.32450103759766,65.45439910888672,67.32450103759766,88390.0
2011-11-08,35.802921295166016,65.65119934082031,66.53710174560547,65.55280303955078,66.2417984008789,123949.0
2011-11-09,35.85658645629883,65.74960327148438,66.635498046875,65.65119934082031,65.65119934082031,117853.0
2011-11-10,34.08523178100586,62.50149917602539,64.47010040283203,62.403099060058594,63.97800064086914,210307.0
2011-11-11,33.7094841003418,61.8125,62.50149917602539,61.123600006103516,62.0093994140625,299713.0
2011-11-14,34.35365295410156,62.99369812011719,63.485801696777344,62.3046989440918,62.99369812011719,159508.0
2011-11-15,34.24627685546875,62.79679870605469,63.28900146484375,62.79679870605469,62.99369812011719,48767.0
2011-11-16,34.19260787963867,62.69839859008789,63.38740158081055,62.69839859008789,62.79679870605469,71118.0
2011-11-17,34.46097946166992,63.19049835205078,63.28900146484375,62.599998474121094,62.99369812011719,27431.0
2011-11-18,34.08523178100586,62.50149917602539,62.99369812011719,62.206298828125,62.79679870605469,67054.0
2011-11-21,32.90433120727539,60.33610153198242,62.50149917602539,60.33610153198242,62.50149917602539,143252.0
2011-11-22,32.74334716796875,60.04090118408203,60.926700592041016,59.745601654052734,60.04090118408203,201163.0
2011-11-23,32.2065544128418,59.05659866333008,60.04090118408203,59.05659866333008,60.04090118408203,122933.0
2011-11-24,32.09917449951172,58.85969924926758,59.84400177001953,57.5802001953125,58.07229995727539,129029.0
2011-11-25,32.152835845947266,58.958099365234375,59.84400177001953,58.07229995727539,59.84400177001953,69086.0
2011-11-28,32.582298278808594,59.745601654052734,60.04090118408203,59.154998779296875,59.54869842529297,58927.0
2011-11-29,32.68962478637695,59.94240188598633,60.434600830078125,59.45029830932617,59.94240188598633,49783.0
2011-11-30,32.74334716796875,60.04090118408203,60.33610153198242,59.54869842529297,60.33610153198242,49783.0
2011-12-01,33.65582275390625,61.7140998840332,62.50149917602539,60.53300094604492,62.0093994140625,112773.0
2011-12-02,33.28007888793945,61.02510070800781,61.51729965209961,60.82830047607422,61.51729965209961,24383.0
2011-12-05,33.0117073059082,60.53300094604492,61.123600006103516,60.33610153198242,61.123600006103516,16256.0
2011-12-06,32.52858352661133,59.647098541259766,61.51729965209961,59.647098541259766,61.51729965209961,48767.0
2011-12-07,32.68962478637695,59.94240188598633,61.02510070800781,59.154998779296875,59.154998779296875,25399.0
2011-12-08,32.31387710571289,59.25339889526367,59.94240188598633,59.05659866333008,59.35179901123047,61974.0
2011-12-09,32.582298278808594,59.745601654052734,59.745601654052734,58.07229995727539,58.85969924926758,49783.0
2011-12-12,32.74334716796875,60.04090118408203,60.53300094604492,59.647098541259766,60.53300094604492,16256.0
2011-12-13,32.52858352661133,59.647098541259766,60.04090118408203,58.958099365234375,58.958099365234375,15240.0
2011-12-14,32.63596725463867,59.84400177001953,59.84400177001953,59.745601654052734,59.745601654052734,3048.0
2011-12-15,32.52858352661133,59.647098541259766,60.53300094604492,59.45029830932617,60.53300094604492,12192.0
2011-12-16,32.52858352661133,59.647098541259766,59.84400177001953,59.45029830932617,59.84400177001953,16256.0
2011-12-19,31.186695098876953,57.186500549316406,59.25339889526367,57.186500549316406,59.25339889526367,79246.0
2011-12-20,31.830806732177734,58.36759948730469,59.05659866333008,56.10369873046875,56.10369873046875,46735.0
2011-12-21,32.74334716796875,60.04090118408203,60.63140106201172,59.54869842529297,60.63140106201172,64006.0
2011-12-22,32.74334716796875,60.04090118408203,60.33610153198242,59.54869842529297,59.647098541259766,19304.0
2011-12-23,33.226417541503906,60.926700592041016,61.22200012207031,60.33610153198242,60.434600830078125,80262.0
2011-12-26,33.172752380371094,60.82830047607422,61.51729965209961,60.53300094604492,61.51729965209961,36575.0
2011-12-27,33.0117073059082,60.53300094604492,60.82830047607422,60.04090118408203,60.82830047607422,14224.0
2011-12-28,32.63596725463867,59.84400177001953,60.53300094604492,59.54869842529297,60.53300094604492,47751.0
2011-12-29,32.47491455078125,59.54869842529297,59.84400177001953,59.45029830932617,59.84400177001953,38607.0
2011-12-30,32.31387710571289,59.25339889526367,60.04090118408203,59.154998779296875,60.04090118408203,114805.0
2012-01-02,32.42125701904297,59.45029830932617,60.04090118408203,59.35179901123047,60.04090118408203,27431.0
2012-01-03,32.63596725463867,59.84400177001953,60.237701416015625,59.54869842529297,60.04090118408203,39623.0
2012-01-04,32.95804214477539,60.434600830078125,60.53300094604492,59.84400177001953,60.04090118408203,98550.0
2012-01-05,32.68962478637695,59.94240188598633,60.434600830078125,59.84400177001953,60.13930130004883,55879.0
2012-01-06,32.74334716796875,60.04090118408203,60.53300094604492,59.94240188598633,60.434600830078125,46735.0
2012-01-09,32.74334716796875,60.04090118408203,61.02510070800781,59.35179901123047,61.02510070800781,57911.0
2012-01-10,32.74334716796875,60.04090118408203,60.04090118408203,59.45029830932617,60.04090118408203,74166.0
2012-01-11,32.582298278808594,59.745601654052734,60.237701416015625,59.54869842529297,60.04090118408203,75182.0
2012-01-12,32.63596725463867,59.84400177001953,60.04090118408203,59.647098541259766,59.84400177001953,43687.0
2012-01-13,32.52858352661133,59.647098541259766,60.63140106201172,59.647098541259766,59.84400177001953,93470.0
2012-01-16,32.7970085144043,60.13930130004883,60.53300094604492,59.84400177001953,60.04090118408203,55879.0
2012-01-17,33.494781494140625,61.418800354003906,61.51729965209961,60.237701416015625,60.33610153198242,137157.0
2012-01-18,33.76320266723633,61.9109992980957,62.0093994140625,61.123600006103516,61.123600006103516,124965.0
2012-01-30,34.51469802856445,63.28900146484375,63.87950134277344,62.3046989440918,63.485801696777344,226562.0
2012-01-31,36.93015670776367,67.71820068359375,67.71820068359375,62.599998474121094,63.19049835205078,971272.0
2012-02-01,37.14487075805664,68.11190032958984,68.60399627685547,67.0291976928711,67.71820068359375,559802.0
2012-02-02,37.788978576660156,69.29299926757812,70.6709976196289,68.4072036743164,68.4072036743164,547611.0
2012-02-03,37.413230895996094,68.60399627685547,70.6709976196289,68.30879974365234,70.6709976196289,323080.0
2012-02-06,36.500755310058594,66.93080139160156,68.60399627685547,66.93080139160156,68.50559997558594,225546.0
2012-02-07,36.66179656982422,67.2260971069336,67.81659698486328,66.93080139160156,66.93080139160156,137157.0
2012-02-08,37.52061462402344,68.8009033203125,68.89929962158203,67.71820068359375,67.81659698486328,285489.0
2012-02-09,37.89635467529297,69.48989868164062,70.27729797363281,68.01349639892578,68.01349639892578,301745.0
2012-02-10,37.788978576660156,69.29299926757812,69.88359832763672,68.997802734375,69.48989868164062,233674.0
2012-02-13,37.35956954956055,68.50559997558594,68.89929962158203,67.52130126953125,68.89929962158203,248914.0
2012-02-14,36.98382568359375,67.81659698486328,68.50559997558594,67.71820068359375,68.50559997558594,139189.0
2012-02-15,37.788978576660156,69.29299926757812,69.88359832763672,67.91510009765625,67.91510009765625,288537.0
2012-02-16,36.60808181762695,67.12760162353516,70.17890167236328,67.0291976928711,69.68679809570312,331208.0
2012-02-17,37.19852828979492,68.21029663085938,68.70249938964844,67.12760162353516,67.52130126953125,215387.0
2012-02-20,37.574275970458984,68.89929962158203,68.89929962158203,68.21029663085938,68.70249938964844,219451.0
2012-02-21,37.35956954956055,68.50559997558594,70.27729797363281,68.01349639892578,68.997802734375,222499.0
2012-02-22,37.95002746582031,69.58830261230469,70.57260131835938,68.4072036743164,68.4072036743164,327144.0
2012-02-23,38.21844482421875,70.08049774169922,71.45850372314453,69.88359832763672,69.98200225830078,296665.0
2012-02-24,38.00373840332031,69.68679809570312,70.57260131835938,69.1946029663086,70.57260131835938,197099.0
2012-02-29,37.68165588378906,69.09619903564453,70.37570190429688,68.89929962158203,69.68679809570312,242818.0
2012-03-01,38.00373840332031,69.68679809570312,69.88359832763672,69.09619903564453,69.09619903564453,158492.0
2012-03-02,39.18464279174805,71.85220336914062,72.73799896240234,69.88359832763672,69.88359832763672,541515.0
2012-03-05,37.95002746582031,69.58830261230469,71.36000061035156,69.48989868164062,71.36000061035156,232658.0
2012-03-06,37.09120178222656,68.01349639892578,69.29299926757812,67.42289733886719,69.09619903564453,284473.0
2012-03-07,37.09120178222656,68.01349639892578,68.30879974365234,66.4385986328125,66.4385986328125,151380.0
2012-03-08,37.413230895996094,68.60399627685547,68.89929962158203,67.91510009765625,68.21029663085938,168652.0
2012-03-09,37.89635467529297,69.48989868164062,69.58830261230469,68.89929962158203,68.89929962158203,176780.0
2012-03-12,37.305912017822266,68.4072036743164,69.88359832763672,68.4072036743164,69.58830261230469,131061.0
2012-03-13,37.788978576660156,69.29299926757812,70.17890167236328,68.50559997558594,68.8009033203125,141221.0
2012-03-14,38.00373840332031,69.68679809570312,70.27729797363281,69.29299926757812,69.88359832763672,163572.0
2012-03-15,38.164730072021484,69.98200225830078,70.37570190429688,69.68679809570312,69.68679809570312,167636.0
2012-03-16,38.21844482421875,70.08049774169922,70.57260131835938,69.78520202636719,69.88359832763672,143252.0
2012-03-19,40.84861373901367,74.90339660644531,74.90339660644531,73.32859802246094,74.90339660644531,1167355.0
2012-03-20,41.6001091003418,76.28140258789062,76.87200164794922,75.10030364990234,75.98609924316406,1781004.0
2012-03-21,41.8148193359375,76.67510223388672,78.74210357666016,76.28140258789062,76.28140258789062,1103349.0
2012-03-22,41.86848068237305,76.77349853515625,77.95469665527344,75.98609924316406,76.77349853515625,510019.0
2012-03-23,41.975852966308594,76.97039794921875,77.16729736328125,76.08450317382812,77.16729736328125,334256.0
2012-03-26,41.70749282836914,76.47830200195312,77.36409759521484,76.37979888916016,77.26570129394531,220467.0
2012-03-27,41.224365234375,75.59239959716797,76.87200164794922,75.39559936523438,76.77349853515625,327144.0
2012-03-28,40.955997467041016,75.10030364990234,75.98609924316406,75.10030364990234,75.59239959716797,289553.0
2012-03-29,39.775089263916016,72.93489837646484,75.10030364990234,71.85220336914062,75.10030364990234,481572.0
2012-03-30,40.25815963745117,73.8207015991211,73.8207015991211,71.85220336914062,72.44270324707031,276345.0
2012-04-02,39.828758239746094,73.0333023071289,73.8207015991211,72.54119873046875,73.8207015991211,132077.0
2012-04-03,38.75517654418945,71.064697265625,73.32859802246094,70.47419738769531,73.0333023071289,448045.0
2012-04-05,38.325767517089844,70.27729797363281,70.57260131835938,68.4072036743164,68.997802734375,275329.0
2012-04-06,39.02360153198242,71.55690002441406,72.24590301513672,70.47419738769531,70.47419738769531,159508.0
2012-04-09,38.75517654418945,71.064697265625,71.85220336914062,70.08049774169922,71.36000061035156,106677.0
2012-04-10,39.18464279174805,71.85220336914062,72.54119873046875,71.45850372314453,72.44270324707031,197099.0
2012-04-11,38.75517654418945,71.064697265625,71.55690002441406,70.47419738769531,71.36000061035156,113789.0
2012-04-12,38.75517654418945,71.064697265625,71.85220336914062,70.8678970336914,71.064697265625,111757.0
2012-04-13,39.72137451171875,72.8364028930664,73.2301025390625,71.6552963256836,72.14739990234375,230626.0
2012-04-16,39.29196548461914,72.04900360107422,72.54119873046875,71.85220336914062,72.34429931640625,77214.0
2012-04-17,38.647850036621094,70.8678970336914,72.54119873046875,70.8678970336914,72.14739990234375,174748.0
2012-04-18,39.0772590637207,71.6552963256836,71.85220336914062,71.16320037841797,71.75370025634766,108709.0
2012-04-19,38.916221618652344,71.36000061035156,72.04900360107422,71.16320037841797,71.16320037841797,113789.0
2012-04-20,38.48681640625,70.57260131835938,71.6552963256836,70.37570190429688,71.6552963256836,140205.0
2012-04-23,38.701515197753906,70.96630096435547,71.2615966796875,70.17890167236328,71.2615966796875,128013.0
2012-04-24,38.21844482421875,70.08049774169922,70.96630096435547,70.08049774169922,70.37570190429688,97534.0
2012-04-25,38.701515197753906,70.96630096435547,71.064697265625,70.37570190429688,70.37570190429688,28447.0
2012-04-26,39.02360153198242,71.55690002441406,72.14739990234375,70.96630096435547,70.96630096435547,134109.0
2012-04-27,38.37942886352539,70.37570190429688,71.064697265625,70.08049774169922,70.8678970336914,194051.0
2012-04-30,37.95002746582031,69.58830261230469,69.88359832763672,69.1946029663086,69.88359832763672,89406.0
2012-05-02,39.0772590637207,71.6552963256836,71.85220336914062,69.3915023803711,69.48989868164062,168652.0
2012-05-03,38.916221618652344,71.36000061035156,71.85220336914062,71.2615966796875,71.36000061035156,60959.0
2012-05-04,39.02360153198242,71.55690002441406,71.6552963256836,70.96630096435547,71.36000061035156,80262.0
2012-05-07,38.37942886352539,70.37570190429688,71.2615966796875,69.88359832763672,71.2615966796875,104645.0
2012-05-08,38.54047393798828,70.6709976196289,70.6709976196289,69.98200225830078,70.37570190429688,45719.0
2012-05-09,38.164730072021484,69.98200225830078,70.47419738769531,69.88359832763672,70.47419738769531,77214.0
2012-05-10,37.574275970458984,68.89929962158203,69.98200225830078,68.60399627685547,69.78520202636719,230626.0
2012-05-11,37.68165588378906,69.09619903564453,69.48989868164062,68.89929962158203,68.89929962158203,49783.0
2012-05-14,37.574275970458984,68.89929962158203,69.1946029663086,68.8009033203125,69.09619903564453,98550.0
2012-05-15,37.25224304199219,68.30879974365234,68.8009033203125,66.93080139160156,66.93080139160156,74166.0
2012-05-16,37.574275970458984,68.89929962158203,69.09619903564453,68.21029663085938,68.4072036743164,94486.0
2012-05-17,37.68165588378906,69.09619903564453,69.3915023803711,68.50559997558594,68.89929962158203,54863.0
2012-05-18,37.09120178222656,68.01349639892578,69.09619903564453,68.01349639892578,69.09619903564453,98550.0
2012-05-21,37.14487075805664,68.11190032958984,68.60399627685547,68.11190032958984,68.4072036743164,29463.0
2012-05-22,37.413230895996094,68.60399627685547,68.70249938964844,68.21029663085938,68.70249938964844,36575.0
2012-05-23,37.03754425048828,67.91510009765625,68.70249938964844,67.91510009765625,68.60399627685547,47751.0
2012-05-24,36.82278060913086,67.52130126953125,68.4072036743164,67.52130126953125,67.91510009765625,85342.0
2012-05-25,36.93015670776367,67.71820068359375,67.91510009765625,66.93080139160156,67.42289733886719,68070.0
2012-05-28,37.09120178222656,68.01349639892578,68.8009033203125,67.71820068359375,67.71820068359375,30479.0
2012-05-29,38.057403564453125,69.78520202636719,69.88359832763672,68.01349639892578,68.01349639892578,85342.0
2012-05-30,37.627994537353516,68.997802734375,69.78520202636719,68.89929962158203,69.3915023803711,29463.0
2012-05-31,37.95002746582031,69.58830261230469,69.58830261230469,68.4072036743164,68.4072036743164,38607.0
2012-06-01,37.03754425048828,67.91510009765625,68.89929962158203,67.91510009765625,68.89929962158203,59943.0
2012-06-04,36.232330322265625,66.4385986328125,67.0291976928711,65.45439910888672,67.0291976928711,151380.0
2012-06-05,36.715457916259766,67.32450103759766,67.32450103759766,66.73390197753906,66.93080139160156,45719.0
2012-06-06,36.87649917602539,67.61979675292969,68.01349639892578,67.12760162353516,67.12760162353516,19304.0
2012-06-07,36.76911926269531,67.42289733886719,68.21029663085938,67.42289733886719,68.11190032958984,38607.0
2012-06-08,36.98382568359375,67.81659698486328,68.01349639892578,67.12760162353516,67.42289733886719,19304.0
2012-06-11,37.19852828979492,68.21029663085938,68.50559997558594,68.01349639892578,68.50559997558594,14224.0
2012-06-12,37.09120178222656,68.01349639892578,68.11190032958984,68.01349639892578,68.01349639892578,7112.0
2012-06-13,37.19852828979492,68.21029663085938,68.89929962158203,68.01349639892578,68.50559997558594,33527.0
2012-06-14,37.466949462890625,68.70249938964844,68.70249938964844,67.91510009765625,67.91510009765625,4064.0
2012-06-15,37.52061462402344,68.8009033203125,68.89929962158203,67.91510009765625,67.91510009765625,22351.0
2012-06-18,37.68165588378906,69.09619903564453,69.29299926757812,68.8009033203125,69.09619903564453,67054.0
2012-06-19,37.627994537353516,68.997802734375,69.1946029663086,68.89929962158203,69.1946029663086,29463.0
2012-06-20,37.627994537353516,68.997802734375,69.29299926757812,68.997802734375,68.997802734375,44703.0
2012-06-21,37.627994537353516,68.997802734375,69.3915023803711,68.89929962158203,68.997802734375,21335.0
2012-06-22,37.95002746582031,69.58830261230469,69.58830261230469,68.89929962158203,69.1946029663086,61974.0
2012-06-25,38.057403564453125,69.78520202636719,70.37570190429688,69.58830261230469,69.58830261230469,97534.0
2012-06-26,37.95002746582031,69.58830261230469,69.88359832763672,69.09619903564453,69.48989868164062,42671.0
2012-06-27,37.84270095825195,69.3915023803711,69.68679809570312,69.29299926757812,69.29299926757812,51815.0
2012-06-28,37.89635467529297,69.48989868164062,69.98200225830078,69.48989868164062,69.78520202636719,52831.0
2012-06-29,38.11106491088867,69.88359832763672,70.27729797363281,69.29299926757812,69.29299926757812,213355.0
2012-07-02,38.647850036621094,70.8678970336914,71.2615966796875,70.57260131835938,71.16320037841797,79246.0
2012-07-03,38.647850036621094,70.8678970336914,71.2615966796875,70.57260131835938,70.8678970336914,113789.0
2012-07-04,39.66770935058594,72.73799896240234,72.8364028930664,71.16320037841797,71.36000061035156,223515.0
2012-07-05,39.506675720214844,72.44270324707031,73.32859802246094,72.44270324707031,72.8364028930664,139189.0
2012-07-06,38.916221618652344,71.36000061035156,72.34429931640625,71.16320037841797,72.34429931640625,242818.0
2012-07-09,39.130924224853516,71.75370025634766,72.34429931640625,71.064697265625,71.36000061035156,557770.0
2012-07-10,38.13273620605469,64.07640075683594,66.14340209960938,63.97800064086914,65.84809875488281,344416.0
2012-07-11,38.48415756225586,64.66690063476562,65.35590362548828,64.07640075683594,64.07640075683594,78230.0
2012-07-12,38.07418441772461,63.97800064086914,64.7654037475586,63.97800064086914,64.7654037475586,102613.0
2012-07-13,37.42979049682617,62.895198822021484,63.87950134277344,62.79679870605469,62.99369812011719,91438.0
2012-07-16,36.78546142578125,61.8125,62.99369812011719,61.8125,62.99369812011719,67054.0
2012-07-17,36.84408187866211,61.9109992980957,62.3046989440918,61.8125,61.8125,73150.0
2012-07-18,36.6683464050293,61.615699768066406,62.0093994140625,61.615699768066406,62.0093994140625,39623.0
2012-07-19,36.78546142578125,61.8125,62.0093994140625,61.615699768066406,61.615699768066406,20320.0
2012-07-20,36.6683464050293,61.615699768066406,62.0093994140625,61.51729965209961,61.8125,39623.0
2012-07-23,35.84827423095703,60.237701416015625,61.51729965209961,60.04090118408203,61.51729965209961,89406.0
2012-07-24,35.672542572021484,59.94240188598633,60.04090118408203,59.54869842529297,59.84400177001953,66038.0
2012-07-25,35.672542572021484,59.94240188598633,60.13930130004883,59.94240188598633,59.94240188598633,32511.0
2012-07-26,35.84827423095703,60.237701416015625,60.33610153198242,60.04090118408203,60.04090118408203,23367.0
2012-07-27,36.14113235473633,60.729801177978516,60.82830047607422,60.237701416015625,60.237701416015625,41655.0
2012-07-30,35.90683364868164,60.33610153198242,60.926700592041016,60.33610153198242,60.729801177978516,21335.0
2012-07-31,35.90683364868164,60.33610153198242,60.53300094604492,60.33610153198242,60.33610153198242,26415.0
2012-08-01,36.31686782836914,61.02510070800781,61.51729965209961,60.33610153198242,60.33610153198242,46735.0
2012-08-03,35.9654541015625,60.434600830078125,60.53300094604492,60.33610153198242,60.33610153198242,111757.0
2012-08-06,36.2583122253418,60.926700592041016,61.615699768066406,60.926700592041016,61.02510070800781,68070.0
2012-08-07,36.02401351928711,60.53300094604492,61.51729965209961,60.53300094604492,61.51729965209961,24383.0
2012-08-08,36.08257293701172,60.63140106201172,60.729801177978516,60.434600830078125,60.53300094604492,42671.0
2012-08-09,36.37548828125,61.123600006103516,61.32040023803711,60.82830047607422,61.02510070800781,77214.0
2012-08-10,36.6683464050293,61.615699768066406,61.9109992980957,61.02510070800781,61.123600006103516,78230.0
2012-08-13,37.19549560546875,62.50149917602539,62.599998474121094,61.615699768066406,61.615699768066406,62990.0
2012-08-14,37.488407135009766,62.99369812011719,63.28900146484375,62.50149917602539,62.50149917602539,27431.0
2012-08-15,37.37123107910156,62.79679870605469,63.87950134277344,62.3046989440918,63.485801696777344,35559.0
2012-08-16,37.42979049682617,62.895198822021484,62.895198822021484,62.50149917602539,62.79679870605469,42671.0
2012-08-17,37.19549560546875,62.50149917602539,63.092098236083984,62.50149917602539,63.092098236083984,65022.0
2012-08-20,36.55116271972656,61.418800354003906,62.50149917602539,61.22200012207031,62.50149917602539,47751.0
2012-08-21,36.72690200805664,61.7140998840332,62.1077995300293,61.418800354003906,61.418800354003906,73150.0
2012-08-22,36.78546142578125,61.8125,64.37169647216797,61.615699768066406,64.37169647216797,93470.0
2012-08-23,36.90263748168945,62.0093994140625,62.206298828125,61.8125,62.1077995300293,52831.0
2012-08-24,37.19549560546875,62.50149917602539,62.599998474121094,61.8125,62.0093994140625,64006.0
2012-08-27,37.31267166137695,62.69839859008789,63.19049835205078,62.1077995300293,62.50149917602539,81278.0
2012-08-28,36.78546142578125,61.8125,62.69839859008789,61.7140998840332,62.69839859008789,43687.0
2012-08-29,37.19549560546875,62.50149917602539,62.50149917602539,61.9109992980957,61.9109992980957,24383.0
2012-08-30,37.01981735229492,62.206298828125,62.79679870605469,62.0093994140625,62.79679870605469,57911.0
2012-08-31,37.07837677001953,62.3046989440918,62.50149917602539,62.1077995300293,62.50149917602539,23367.0
2012-09-03,37.31267166137695,62.69839859008789,63.092098236083984,62.3046989440918,62.3046989440918,96518.0
2012-09-04,37.488407135009766,62.99369812011719,63.19049835205078,62.79679870605469,62.99369812011719,85342.0
2012-09-05,37.19549560546875,62.50149917602539,62.99369812011719,62.403099060058594,62.99369812011719,36575.0
2012-09-06,37.19549560546875,62.50149917602539,62.79679870605469,62.206298828125,62.206298828125,28447.0
2012-09-07,37.13693618774414,62.403099060058594,62.895198822021484,62.3046989440918,62.50149917602539,88390.0
2012-09-10,37.07837677001953,62.3046989440918,62.50149917602539,61.615699768066406,62.403099060058594,124965.0
2012-09-11,36.84408187866211,61.9109992980957,62.206298828125,61.9109992980957,62.206298828125,26415.0
2012-09-12,36.90263748168945,62.0093994140625,62.3046989440918,61.7140998840332,61.9109992980957,96518.0
2012-09-13,36.78546142578125,61.8125,62.0093994140625,61.615699768066406,62.0093994140625,52831.0
2012-09-14,36.96119689941406,62.1077995300293,62.3046989440918,61.9109992980957,62.206298828125,83310.0
2012-09-17,37.01981735229492,62.206298828125,62.403099060058594,62.0093994140625,62.1077995300293,80262.0
2012-09-18,36.90263748168945,62.0093994140625,62.403099060058594,61.8125,62.0093994140625,24383.0
2012-09-19,37.01981735229492,62.206298828125,62.206298828125,61.615699768066406,62.0093994140625,37591.0
2012-09-20,36.84408187866211,61.9109992980957,62.599998474121094,61.7140998840332,62.50149917602539,40639.0
2012-09-21,36.90263748168945,62.0093994140625,62.403099060058594,62.0093994140625,62.403099060058594,17272.0
2012-09-24,36.72690200805664,61.7140998840332,62.3046989440918,61.7140998840332,61.7140998840332,62990.0
2012-09-25,36.90263748168945,62.0093994140625,62.0093994140625,61.7140998840332,61.8125,42671.0
2012-09-26,36.6683464050293,61.615699768066406,62.0093994140625,61.615699768066406,62.0093994140625,38607.0
2012-09-27,36.49260330200195,61.32040023803711,61.615699768066406,61.32040023803711,61.32040023803711,62990.0
2012-09-28,36.49260330200195,61.32040023803711,61.418800354003906,61.22200012207031,61.32040023803711,32511.0
2012-10-01,36.31686782836914,61.02510070800781,61.615699768066406,60.82830047607422,61.615699768066406,41655.0
2012-10-02,36.49260330200195,61.32040023803711,61.32040023803711,61.02510070800781,61.02510070800781,39623.0
2012-10-03,36.37548828125,61.123600006103516,61.32040023803711,61.123600006103516,61.123600006103516,16256.0
2012-10-04,36.49260330200195,61.32040023803711,61.51729965209961,61.123600006103516,61.51729965209961,21335.0
2012-10-05,36.60978698730469,61.51729965209961,61.51729965209961,61.123600006103516,61.32040023803711,28447.0
2012-10-08,36.49260330200195,61.32040023803711,61.51729965209961,61.02510070800781,61.51729965209961,41655.0
2012-10-09,36.31686782836914,61.02510070800781,62.0093994140625,60.63140106201172,62.0093994140625,57911.0
2012-10-11,35.90683364868164,60.33610153198242,60.33610153198242,60.04090118408203,60.13930130004883,57911.0
2012-10-12,35.78971862792969,60.13930130004883,60.53300094604492,60.04090118408203,60.53300094604492,43687.0
2012-10-15,35.84827423095703,60.237701416015625,60.434600830078125,60.04090118408203,60.04090118408203,25399.0
2012-10-16,35.90683364868164,60.33610153198242,60.434600830078125,60.237701416015625,60.237701416015625,21335.0
2012-10-17,36.02401351928711,60.53300094604492,60.63140106201172,60.434600830078125,60.53300094604492,11176.0
2012-10-18,35.90683364868164,60.33610153198242,60.53300094604492,60.33610153198242,60.53300094604492,21335.0
2012-10-19,35.84827423095703,60.237701416015625,60.33610153198242,60.04090118408203,60.33610153198242,20320.0
2012-10-22,35.613983154296875,59.84400177001953,60.237701416015625,59.45029830932617,59.745601654052734,33527.0
2012-10-23,35.90683364868164,60.33610153198242,60.434600830078125,60.04090118408203,60.434600830078125,11176.0
2012-10-24,35.613983154296875,59.84400177001953,60.04090118408203,59.745601654052734,59.84400177001953,34543.0
2012-10-25,35.4382438659668,59.54869842529297,59.94240188598633,59.54869842529297,59.84400177001953,32511.0
2012-10-26,35.0282096862793,58.85969924926758,59.54869842529297,58.17070007324219,59.54869842529297,154428.0
2012-10-29,34.383880615234375,57.777000427246094,58.85969924926758,57.6786003112793,58.85969924926758,76198.0
2012-10-30,34.7353515625,58.36759948730469,58.56439971923828,57.777000427246094,57.777000427246094,45719.0
2012-10-31,34.442440032958984,57.87540054321289,58.36759948730469,57.5802001953125,58.07229995727539,120901.0
2012-11-01,34.501060485839844,57.973899841308594,58.36759948730469,57.2849006652832,57.87540054321289,44703.0
2012-11-02,34.501060485839844,57.973899841308594,58.56439971923828,57.973899841308594,58.56439971923828,27431.0
2012-11-05,34.09102249145508,57.2849006652832,57.973899841308594,57.186500549316406,57.973899841308594,68070.0
2012-11-06,35.37968444824219,59.45029830932617,60.926700592041016,59.05659866333008,60.926700592041016,111757.0
2012-11-07,35.84827423095703,60.237701416015625,60.729801177978516,59.94240188598633,60.04090118408203,102613.0
2012-11-08,35.496803283691406,59.647098541259766,60.04090118408203,59.647098541259766,60.04090118408203,47751.0
2012-11-09,35.496803283691406,59.647098541259766,60.04090118408203,59.647098541259766,59.647098541259766,104645.0
2012-11-12,35.1453857421875,59.05659866333008,59.84400177001953,59.05659866333008,59.84400177001953,90422.0
2012-11-13,35.0282096862793,58.85969924926758,58.958099365234375,58.465999603271484,58.76129913330078,100582.0
2012-11-14,34.67673873901367,58.269100189208984,59.05659866333008,58.07229995727539,58.85969924926758,44703.0
2012-11-15,34.7353515625,58.36759948730469,58.36759948730469,57.5802001953125,58.269100189208984,41655.0
2012-11-16,34.85247039794922,58.56439971923828,58.662899017333984,58.07229995727539,58.56439971923828,15240.0
2012-11-19,34.442440032958984,57.87540054321289,58.56439971923828,57.87540054321289,58.56439971923828,32511.0
2012-11-20,34.55961608886719,58.07229995727539,58.958099365234375,57.973899841308594,58.958099365234375,23367.0
2012-11-21,34.55961608886719,58.07229995727539,58.56439971923828,57.6786003112793,58.07229995727539,40639.0
2012-11-22,34.55961608886719,58.07229995727539,58.07229995727539,57.87540054321289,58.07229995727539,9144.0
2012-11-23,34.85247039794922,58.56439971923828,58.85969924926758,58.17070007324219,58.36759948730469,44703.0
2012-11-26,34.911094665527344,58.662899017333984,59.05659866333008,58.56439971923828,58.958099365234375,87374.0
2012-11-27,35.1453857421875,59.05659866333008,59.45029830932617,58.85969924926758,58.958099365234375,88390.0
2012-11-28,34.911094665527344,58.662899017333984,59.25339889526367,58.662899017333984,59.05659866333008,55879.0
2012-11-29,35.203948974609375,59.154998779296875,59.45029830932617,59.05659866333008,59.05659866333008,103629.0
2012-11-30,35.203948974609375,59.154998779296875,60.04090118408203,59.154998779296875,59.647098541259766,77214.0
2012-12-03,35.37968444824219,59.45029830932617,60.63140106201172,59.25339889526367,59.25339889526367,49783.0
2012-12-04,35.4382438659668,59.54869842529297,59.84400177001953,59.25339889526367,59.84400177001953,67054.0
2012-12-05,35.73115921020508,60.04090118408203,60.237701416015625,59.647098541259766,59.647098541259766,153412.0
2012-12-06,35.84827423095703,60.237701416015625,60.63140106201172,60.04090118408203,60.04090118408203,97534.0
2012-12-07,35.73115921020508,60.04090118408203,60.33610153198242,59.84400177001953,60.237701416015625,35559.0
2012-12-10,35.1453857421875,59.05659866333008,59.745601654052734,59.05659866333008,59.745601654052734,102613.0
2012-12-11,35.26250076293945,59.25339889526367,59.647098541259766,59.25339889526367,59.54869842529297,129029.0
2012-12-12,35.496803283691406,59.647098541259766,59.94240188598633,59.25339889526367,59.25339889526367,74166.0
2012-12-13,35.73115921020508,60.04090118408203,60.13930130004883,59.647098541259766,59.647098541259766,87374.0
2012-12-14,35.4382438659668,59.54869842529297,60.04090118408203,59.54869842529297,60.04090118408203,39623.0
2012-12-17,35.203948974609375,59.154998779296875,59.647098541259766,59.154998779296875,59.54869842529297,58927.0
2012-12-18,35.37968444824219,59.45029830932617,60.04090118408203,59.35179901123047,60.04090118408203,22351.0
2012-12-19,35.613983154296875,59.84400177001953,60.33610153198242,59.84400177001953,60.04090118408203,45719.0
2012-12-20,35.73115921020508,60.04090118408203,60.13930130004883,59.84400177001953,60.13930130004883,59943.0
2012-12-21,35.496803283691406,59.647098541259766,60.04090118408203,59.647098541259766,60.04090118408203,28447.0
2012-12-24,35.4382438659668,59.54869842529297,59.94240188598633,59.25339889526367,59.54869842529297,25399.0
2012-12-25,35.613983154296875,59.84400177001953,59.94240188598633,59.35179901123047,59.54869842529297,65022.0
2012-12-26,35.613983154296875,59.84400177001953,60.04090118408203,59.54869842529297,60.04090118408203,48767.0
2012-12-27,35.672542572021484,59.94240188598633,60.13930130004883,59.745601654052734,60.04090118408203,43687.0
2012-12-28,36.02401351928711,60.53300094604492,60.82830047607422,60.13930130004883,60.13930130004883,59943.0
2013-01-02,36.19974899291992,60.82830047607422,61.02510070800781,60.53300094604492,60.82830047607422,39623.0
2013-01-03,36.55116271972656,61.418800354003906,61.51729965209961,60.729801177978516,61.02510070800781,113789.0
2013-01-04,36.55116271972656,61.418800354003906,61.51729965209961,61.123600006103516,61.418800354003906,48767.0
2013-01-07,36.60978698730469,61.51729965209961,61.615699768066406,61.123600006103516,61.418800354003906,44703.0
2013-01-08,36.2583122253418,60.926700592041016,61.22200012207031,60.53300094604492,61.22200012207031,66038.0
2013-01-09,36.31686782836914,61.02510070800781,61.02510070800781,60.53300094604492,60.53300094604492,34543.0
2013-01-10,36.37548828125,61.123600006103516,61.7140998840332,61.123600006103516,61.7140998840332,23367.0
2013-01-11,36.43404769897461,61.22200012207031,61.22200012207031,60.82830047607422,60.82830047607422,36575.0
2013-01-14,36.60978698730469,61.51729965209961,61.51729965209961,61.123600006103516,61.32040023803711,25399.0
2013-01-15,36.60978698730469,61.51729965209961,61.615699768066406,61.22200012207031,61.51729965209961,43687.0
2013-01-16,36.19974899291992,60.82830047607422,61.418800354003906,60.82830047607422,61.02510070800781,37591.0
2013-01-17,35.73115921020508,60.04090118408203,61.02510070800781,60.04090118408203,60.82830047607422,85342.0
2013-01-18,35.73115921020508,60.04090118408203,60.53300094604492,59.84400177001953,60.04090118408203,71118.0
2013-01-21,35.84827423095703,60.237701416015625,60.63140106201172,59.54869842529297,60.04090118408203,34543.0
2013-01-22,35.73115921020508,60.04090118408203,60.33610153198242,59.84400177001953,60.33610153198242,26415.0
2013-01-23,35.496803283691406,59.647098541259766,60.04090118408203,59.45029830932617,60.04090118408203,98550.0
2013-01-24,35.496803283691406,59.647098541259766,59.84400177001953,59.45029830932617,59.745601654052734,62990.0
2013-01-25,35.555423736572266,59.745601654052734,59.94240188598633,59.35179901123047,59.745601654052734,67054.0
2013-01-28,35.496803283691406,59.647098541259766,59.84400177001953,59.45029830932617,59.745601654052734,66038.0
2013-01-29,35.90683364868164,60.33610153198242,60.33610153198242,59.745601654052734,59.84400177001953,33527.0
2013-01-30,35.90683364868164,60.33610153198242,60.53300094604492,60.237701416015625,60.53300094604492,37591.0
2013-01-31,36.08257293701172,60.63140106201172,60.63140106201172,60.33610153198242,60.33610153198242,35559.0
2013-02-01,36.49260330200195,61.32040023803711,61.32040023803711,60.53300094604492,60.63140106201172,88390.0
2013-02-04,36.60978698730469,61.51729965209961,61.8125,61.418800354003906,61.8125,80262.0
2013-02-05,36.49260330200195,61.32040023803711,61.51729965209961,61.02510070800781,61.51729965209961,37591.0
2013-02-06,36.60978698730469,61.51729965209961,61.51729965209961,61.32040023803711,61.418800354003906,52831.0
2013-02-18,37.78126525878906,63.485801696777344,63.97800064086914,61.7140998840332,61.7140998840332,185923.0
2013-02-19,37.78126525878906,63.485801696777344,63.97800064086914,63.19049835205078,63.97800064086914,92454.0
2013-02-20,37.72270965576172,63.38740158081055,63.58420181274414,63.19049835205078,63.58420181274414,81278.0
2013-02-21,37.488407135009766,62.99369812011719,63.485801696777344,62.99369812011719,63.28900146484375,39623.0
2013-02-22,37.42979049682617,62.895198822021484,62.99369812011719,62.50149917602539,62.99369812011719,25399.0
2013-02-25,37.78126525878906,63.485801696777344,63.58420181274414,63.19049835205078,63.19049835205078,49783.0
2013-02-26,37.42979049682617,62.895198822021484,63.28900146484375,62.895198822021484,63.19049835205078,40639.0
2013-02-27,37.488407135009766,62.99369812011719,63.092098236083984,62.69839859008789,62.99369812011719,46735.0
2013-03-01,37.78126525878906,63.485801696777344,63.87950134277344,62.99369812011719,63.38740158081055,95502.0
2013-03-04,37.54696273803711,63.092098236083984,63.682701110839844,62.99369812011719,63.682701110839844,65022.0
2013-03-05,37.83982467651367,63.58420181274414,63.78110122680664,63.092098236083984,63.092098236083984,49783.0
2013-03-06,38.3084716796875,64.37169647216797,64.37169647216797,63.78110122680664,63.87950134277344,88390.0
2013-03-07,38.1912956237793,64.17479705810547,64.37169647216797,64.07640075683594,64.37169647216797,89406.0
2013-03-08,38.3084716796875,64.37169647216797,64.47010040283203,64.07640075683594,64.17479705810547,64006.0
2013-03-11,38.015560150146484,63.87950134277344,64.37169647216797,63.78110122680664,64.37169647216797,44703.0
2013-03-12,37.72270965576172,63.38740158081055,64.17479705810547,63.38740158081055,63.87950134277344,37743.0
2013-03-13,37.66415023803711,63.28900146484375,63.38740158081055,62.99369812011719,63.38740158081055,47751.0
2013-03-14,37.54696273803711,63.092098236083984,63.28900146484375,63.092098236083984,63.28900146484375,42206.0
2013-03-15,37.54696273803711,63.092098236083984,63.28900146484375,62.99369812011719,63.28900146484375,79246.0
2013-03-18,37.19549560546875,62.50149917602539,63.092098236083984,62.50149917602539,63.092098236083984,98763.0
2013-03-19,37.488407135009766,62.99369812011719,62.99369812011719,62.1077995300293,62.1077995300293,37775.0
2013-03-20,37.254112243652344,62.599998474121094,62.79679870605469,62.50149917602539,62.50149917602539,24734.0
2013-03-21,37.42979049682617,62.895198822021484,63.19049835205078,62.69839859008789,62.69839859008789,36575.0
2013-03-22,39.77287292480469,66.8323974609375,67.12760162353516,64.56849670410156,64.56849670410156,512680.0
2013-03-25,39.65569305419922,66.635498046875,67.2260971069336,66.14340209960938,67.2260971069336,197084.0
2013-03-26,39.538516998291016,66.4385986328125,66.635498046875,66.14340209960938,66.635498046875,119560.0
2013-03-27,39.36284255981445,66.14340209960938,66.73390197753906,65.94650268554688,66.4385986328125,114963.0
2013-03-28,39.59713363647461,66.53710174560547,66.8323974609375,66.34020233154297,66.4385986328125,150547.0
2013-03-29,39.59713363647461,66.53710174560547,67.2260971069336,66.4385986328125,66.53710174560547,203805.0
2013-04-01,39.77287292480469,66.8323974609375,67.12760162353516,66.73390197753906,67.12760162353516,155707.0
2013-04-02,39.8314323425293,66.93080139160156,67.12760162353516,66.635498046875,67.12760162353516,72216.0
2013-04-03,40.007164001464844,67.2260971069336,67.2260971069336,66.635498046875,66.635498046875,60959.0
2013-04-08,39.304222106933594,66.0448989868164,66.8323974609375,65.45439910888672,66.8323974609375,188313.0
2013-04-09,39.12848663330078,65.74960327148438,66.2417984008789,65.74960327148438,66.0448989868164,109522.0
2013-04-10,40.534324645996094,68.11190032958984,68.89929962158203,66.53710174560547,66.53710174560547,277158.0
2013-04-11,40.35858154296875,67.81659698486328,68.4072036743164,67.42289733886719,68.11190032958984,145183.0
2013-04-12,40.35858154296875,67.81659698486328,68.30879974365234,67.42289733886719,68.21029663085938,64308.0
2013-04-15,40.41720199584961,67.91510009765625,68.4072036743164,67.81659698486328,67.81659698486328,150314.0
2013-04-16,40.065731048583984,67.32450103759766,67.91510009765625,67.12760162353516,67.91510009765625,62198.0
2013-04-17,40.534324645996094,68.11190032958984,68.21029663085938,67.71820068359375,68.21029663085938,75695.0
2013-04-18,40.35858154296875,67.81659698486328,68.50559997558594,67.12760162353516,68.11190032958984,97062.0
2013-04-19,40.534324645996094,68.11190032958984,68.60399627685547,67.91510009765625,67.91510009765625,85947.0
2013-04-22,40.88579559326172,68.70249938964844,68.70249938964844,68.11190032958984,68.11190032958984,94685.0
2013-04-23,40.76861572265625,68.50559997558594,69.09619903564453,68.4072036743164,68.89929962158203,95792.0
2013-04-24,41.06153106689453,68.997802734375,69.3915023803711,68.70249938964844,68.70249938964844,152385.0
2013-04-25,40.827171325683594,68.60399627685547,68.89929962158203,68.60399627685547,68.89929962158203,101609.0
2013-04-26,40.65149688720703,68.30879974365234,68.8009033203125,68.30879974365234,68.60399627685547,89291.0
2013-04-29,40.30002212524414,67.71820068359375,68.30879974365234,67.71820068359375,68.30879974365234,59801.0
2013-04-30,40.65149688720703,68.30879974365234,68.70249938964844,67.91510009765625,67.91510009765625,56996.0
2013-05-02,40.710060119628906,68.4072036743164,69.29299926757812,68.4072036743164,68.4072036743164,62251.0
2013-05-03,40.76861572265625,68.50559997558594,68.70249938964844,68.4072036743164,68.4072036743164,58179.0
2013-05-06,40.827171325683594,68.60399627685547,68.70249938964844,68.4072036743164,68.50559997558594,73406.0
2013-05-07,40.827171325683594,68.60399627685547,68.89929962158203,68.4072036743164,68.4072036743164,86826.0
2013-05-08,40.827171325683594,68.60399627685547,68.8009033203125,68.11190032958984,68.60399627685547,109725.0
2013-05-09,41.06153106689453,68.997802734375,69.29299926757812,68.70249938964844,68.89929962158203,99027.0
2013-05-10,40.944358825683594,68.8009033203125,68.89929962158203,68.50559997558594,68.89929962158203,74499.0
2013-05-13,41.00291061401367,68.89929962158203,69.09619903564453,68.8009033203125,68.89929962158203,67024.0
2013-05-14,41.00291061401367,68.89929962158203,68.997802734375,68.60399627685547,68.997802734375,54885.0
2013-05-15,40.88579559326172,68.70249938964844,68.997802734375,68.60399627685547,68.89929962158203,39205.0
2013-05-16,40.88579559326172,68.70249938964844,68.997802734375,68.21029663085938,68.997802734375,78322.0
2013-05-17,40.827171325683594,68.60399627685547,68.89929962158203,68.50559997558594,68.70249938964844,88359.0
2013-05-20,40.827171325683594,68.60399627685547,69.09619903564453,68.4072036743164,69.09619903564453,49986.0
2013-05-21,40.88579559326172,68.70249938964844,68.70249938964844,68.60399627685547,68.60399627685547,38785.0
2013-05-22,40.88579559326172,68.70249938964844,69.09619903564453,68.4072036743164,68.70249938964844,78385.0
2013-05-23,40.59288024902344,68.21029663085938,68.8009033203125,68.21029663085938,68.8009033203125,114897.0
2013-05-24,40.12428665161133,67.42289733886719,68.11190032958984,67.32450103759766,67.91510009765625,114506.0
2013-05-27,40.12428665161133,67.42289733886719,67.71820068359375,66.53710174560547,66.53710174560547,60247.0
2013-05-28,40.12428665161133,67.42289733886719,67.81659698486328,67.42289733886719,67.42289733886719,35864.0
2013-05-29,40.30002212524414,67.71820068359375,68.01349639892578,67.0291976928711,67.42289733886719,70378.0
2013-05-30,40.47575759887695,68.01349639892578,68.01349639892578,67.71820068359375,67.91510009765625,38851.0
2013-05-31,40.41720199584961,67.91510009765625,68.8009033203125,67.71820068359375,68.8009033203125,136263.0
2013-06-03,40.30002212524414,67.71820068359375,67.91510009765625,67.42289733886719,67.91510009765625,59359.0
2013-06-04,39.948551177978516,67.12760162353516,67.81659698486328,67.12760162353516,67.71820068359375,45350.0
2013-06-05,39.88999557495117,67.0291976928711,67.71820068359375,66.93080139160156,67.12760162353516,46872.0
2013-06-06,40.18284606933594,67.52130126953125,67.71820068359375,66.53710174560547,66.93080139160156,64098.0
2013-06-07,40.065731048583984,67.32450103759766,67.71820068359375,67.12760162353516,67.71820068359375,50596.0
2013-06-10,40.12428665161133,67.42289733886719,67.91510009765625,67.42289733886719,67.52130126953125,27553.0
2013-06-11,40.065731048583984,67.32450103759766,67.42289733886719,67.32450103759766,67.42289733886719,25003.0
2013-06-13,39.65569305419922,66.635498046875,67.32450103759766,66.53710174560547,67.12760162353516,58927.0
2013-06-14,39.59713363647461,66.53710174560547,66.73390197753906,66.34020233154297,66.4385986328125,52831.0
2013-06-17,40.007164001464844,67.2260971069336,67.2260971069336,66.4385986328125,66.4385986328125,26619.0
2013-06-18,40.065731048583984,67.32450103759766,67.32450103759766,66.4385986328125,66.93080139160156,86358.0
2013-06-19,40.12428665161133,67.42289733886719,67.81659698486328,67.12760162353516,67.81659698486328,28793.0
2013-06-20,40.12428665161133,67.42289733886719,67.42289733886719,66.73390197753906,67.12760162353516,38861.0
2013-06-21,39.714256286621094,66.73390197753906,67.12760162353516,63.97800064086914,63.97800064086914,82398.0
2013-06-24,40.47575759887695,68.01349639892578,68.4072036743164,66.73390197753906,66.73390197753906,66343.0
2013-06-25,39.8314323425293,66.93080139160156,68.01349639892578,66.93080139160156,68.01349639892578,31139.0
2013-06-26,40.41720199584961,67.91510009765625,68.50559997558594,67.42289733886719,67.91510009765625,110914.0
2013-06-27,40.827171325683594,68.60399627685547,68.60399627685547,67.91510009765625,68.4072036743164,87516.0
2013-06-28,40.710060119628906,68.4072036743164,68.60399627685547,68.01349639892578,68.60399627685547,39827.0
2013-07-01,40.827171325683594,68.60399627685547,68.89929962158203,68.4072036743164,68.50559997558594,133438.0
2013-07-02,41.120094299316406,69.09619903564453,69.48989868164062,68.89929962158203,68.89929962158203,257435.0
2013-07-03,40.88579559326172,68.70249938964844,69.1946029663086,68.60399627685547,69.09619903564453,94255.0
2013-07-04,40.35858154296875,67.81659698486328,68.70249938964844,67.81659698486328,68.70249938964844,182656.0
2013-07-05,37.254112243652344,62.599998474121094,67.91510009765625,67.42289733886719,67.81659698486328,514122.0
2013-07-08,41.06089401245117,63.485801696777344,63.485801696777344,62.69839859008789,62.69839859008789,286152.0
2013-07-09,41.697509765625,64.47010040283203,65.25749969482422,63.485801696777344,63.485801696777344,247055.0
2013-07-10,41.18824005126953,63.682701110839844,64.7654037475586,63.092098236083984,64.56849670410156,201163.0
2013-07-11,40.9336051940918,63.28900146484375,64.47010040283203,63.092098236083984,64.47010040283203,250661.0
2013-07-12,41.18824005126953,63.682701110839844,64.37169647216797,63.485801696777344,63.87950134277344,42671.0
2013-07-15,41.25188064575195,63.78110122680664,64.27320098876953,63.485801696777344,63.682701110839844,125683.0
2013-07-16,41.824790954589844,64.66690063476562,65.15910339355469,63.78110122680664,63.78110122680664,180600.0
2013-07-17,41.824790954589844,64.66690063476562,65.06069946289062,64.47010040283203,64.66690063476562,122391.0
2013-07-18,41.88850402832031,64.7654037475586,65.15910339355469,64.47010040283203,64.66690063476562,93806.0
2013-07-19,42.14313507080078,65.15910339355469,65.15910339355469,64.27320098876953,64.66690063476562,121917.0
2013-07-22,42.14313507080078,65.15910339355469,65.25749969482422,64.47010040283203,65.15910339355469,110233.0
2013-07-23,42.397769927978516,65.55280303955078,65.74960327148438,64.96219635009766,64.96219635009766,50698.0
2013-07-24,42.652400970458984,65.94650268554688,65.94650268554688,65.55280303955078,65.55280303955078,88664.0
2013-07-25,42.652400970458984,65.94650268554688,66.4385986328125,65.74960327148438,65.94650268554688,65233.0
2013-07-26,42.33412551879883,65.45439910888672,65.94650268554688,65.06069946289062,65.94650268554688,64006.0
2013-07-29,41.697509765625,64.47010040283203,65.25749969482422,64.47010040283203,65.15910339355469,114881.0
2013-07-30,41.824790954589844,64.66690063476562,64.96219635009766,64.47010040283203,64.96219635009766,27492.0
2013-07-31,42.33412551879883,65.45439910888672,65.45439910888672,64.47010040283203,64.66690063476562,69234.0
2013-08-01,42.015785217285156,64.96219635009766,65.25749969482422,64.56849670410156,64.96219635009766,50612.0
2013-08-02,42.652400970458984,65.94650268554688,66.14340209960938,65.06069946289062,65.25749969482422,95010.0
2013-08-05,42.970680236816406,66.4385986328125,66.93080139160156,65.35590362548828,65.94650268554688,71941.0
2013-08-06,43.28902053833008,66.93080139160156,67.0291976928711,65.65119934082031,66.93080139160156,101134.0
2013-08-07,42.779754638671875,66.14340209960938,67.12760162353516,66.14340209960938,66.93080139160156,114805.0
2013-08-08,42.970680236816406,66.4385986328125,66.93080139160156,66.14340209960938,66.14340209960938,66242.0
2013-08-09,42.970680236816406,66.4385986328125,66.53710174560547,65.94650268554688,66.14340209960938,66220.0
2013-08-12,42.716041564941406,66.0448989868164,66.53710174560547,65.94650268554688,66.14340209960938,31495.0
2013-08-13,42.525054931640625,65.74960327148438,66.14340209960938,65.74960327148438,66.0448989868164,29110.0
2013-08-14,42.525054931640625,65.74960327148438,65.94650268554688,65.35590362548828,65.84809875488281,55879.0
2013-08-15,42.33412551879883,65.45439910888672,65.74960327148438,65.15910339355469,65.74960327148438,42950.0
2013-08-16,42.652400970458984,65.94650268554688,65.94650268554688,65.06069946289062,65.06069946289062,32992.0
2013-08-19,42.397769927978516,65.55280303955078,65.94650268554688,65.25749969482422,65.94650268554688,47395.0
2013-08-20,42.397769927978516,65.55280303955078,65.94650268554688,65.45439910888672,65.55280303955078,13939.0
2013-08-22,41.76114273071289,64.56849670410156,65.55280303955078,63.19049835205078,65.55280303955078,91562.0
2013-08-23,42.2067756652832,65.25749969482422,65.74960327148438,64.56849670410156,64.56849670410156,76215.0
2013-08-26,42.33412551879883,65.45439910888672,65.45439910888672,65.25749969482422,65.35590362548828,39967.0
2013-08-27,42.14313507080078,65.15910339355469,65.55280303955078,65.06069946289062,65.55280303955078,68688.0
2013-08-28,42.015785217285156,64.96219635009766,64.96219635009766,64.47010040283203,64.96219635009766,51815.0
2013-08-29,42.14313507080078,65.15910339355469,65.15910339355469,64.47010040283203,64.47010040283203,33730.0
2013-08-30,42.58876037597656,65.84809875488281,65.84809875488281,65.06069946289062,65.25749969482422,39623.0
2013-09-02,42.907039642333984,66.34020233154297,66.8323974609375,65.94650268554688,65.94650268554688,72337.0
2013-09-03,43.098026275634766,66.635498046875,66.8323974609375,66.34020233154297,66.34020233154297,47296.0
2013-09-04,42.970680236816406,66.4385986328125,67.32450103759766,66.4385986328125,66.93080139160156,61812.0
2013-09-05,43.098026275634766,66.635498046875,67.12760162353516,66.34020233154297,66.4385986328125,41781.0
2013-09-06,42.779754638671875,66.14340209960938,67.12760162353516,66.14340209960938,66.635498046875,59099.0
2013-09-09,42.8433952331543,66.2417984008789,66.73390197753906,66.14340209960938,66.73390197753906,55322.0
2013-09-10,43.034385681152344,66.53710174560547,66.53710174560547,66.34020233154297,66.34020233154297,38716.0
2013-09-11,42.907039642333984,66.34020233154297,66.93080139160156,66.34020233154297,66.93080139160156,44327.0
2013-09-12,43.16167449951172,66.73390197753906,66.73390197753906,66.4385986328125,66.53710174560547,44703.0
2013-09-13,43.16167449951172,66.73390197753906,67.12760162353516,66.635498046875,66.73390197753906,65429.0
2013-09-16,43.41630554199219,67.12760162353516,67.2260971069336,66.73390197753906,67.0291976928711,85617.0
2013-09-17,43.41630554199219,67.12760162353516,67.12760162353516,66.8323974609375,67.12760162353516,49459.0
2013-09-18,43.41630554199219,67.12760162353516,67.12760162353516,66.8323974609375,67.12760162353516,53880.0
2013-09-23,43.28902053833008,66.93080139160156,67.12760162353516,66.93080139160156,67.12760162353516,42392.0
2013-09-24,43.48001480102539,67.2260971069336,67.2260971069336,66.93080139160156,67.0291976928711,60295.0
2013-09-25,43.79829025268555,67.71820068359375,67.71820068359375,67.2260971069336,67.2260971069336,87463.0
2013-09-26,43.48001480102539,67.2260971069336,67.71820068359375,67.12760162353516,67.71820068359375,72866.0
2013-09-27,43.54365539550781,67.32450103759766,67.71820068359375,67.32450103759766,67.71820068359375,27736.0
2013-09-30,43.73464584350586,67.61979675292969,67.61979675292969,67.32450103759766,67.42289733886719,97659.0
2013-10-01,43.925636291503906,67.91510009765625,68.01349639892578,67.61979675292969,67.61979675292969,76408.0
2013-10-02,44.62590026855469,68.997802734375,68.997802734375,68.11190032958984,68.11190032958984,230457.0
2013-10-03,44.562191009521484,68.89929962158203,69.29299926757812,68.70249938964844,68.997802734375,105005.0
2013-10-04,44.43490982055664,68.70249938964844,68.89929962158203,68.4072036743164,68.89929962158203,54077.0
2013-10-07,45.83543014526367,70.8678970336914,70.8678970336914,68.89929962158203,68.89929962158203,250704.0
2013-10-08,45.389808654785156,70.17890167236328,71.36000061035156,70.08049774169922,70.8678970336914,122638.0
2013-10-09,45.51708984375,70.37570190429688,70.57260131835938,69.88359832763672,70.37570190429688,128084.0
2013-10-11,45.19881057739258,69.88359832763672,70.8678970336914,69.88359832763672,70.8678970336914,150110.0
2013-10-14,44.88053894042969,69.3915023803711,69.88359832763672,68.89929962158203,69.88359832763672,138471.0
2013-10-15,45.644439697265625,70.57260131835938,70.57260131835938,69.3915023803711,69.3915023803711,64932.0
2013-10-16,46.91767501831055,72.54119873046875,73.32859802246094,70.57260131835938,70.57260131835938,226726.0
2013-10-17,46.153709411621094,71.36000061035156,72.73799896240234,71.36000061035156,72.54119873046875,138719.0
2013-10-18,46.28105545043945,71.55690002441406,71.75370025634766,70.8678970336914,71.45850372314453,90777.0
2013-10-21,46.59933090209961,72.04900360107422,72.34429931640625,71.6552963256836,71.85220336914062,118423.0
2013-10-22,46.472049713134766,71.85220336914062,72.04900360107422,71.45850372314453,72.04900360107422,53362.0
2013-10-23,45.962711334228516,71.064697265625,71.85220336914062,71.064697265625,71.45850372314453,52156.0
2013-10-24,45.962711334228516,71.064697265625,71.55690002441406,70.96630096435547,71.55690002441406,32330.0
2013-10-25,46.2174186706543,71.45850372314453,71.75370025634766,71.064697265625,71.064697265625,50194.0
2013-10-28,45.962711334228516,71.064697265625,71.85220336914062,71.064697265625,71.45850372314453,35814.0
2013-10-29,46.153709411621094,71.36000061035156,71.36000061035156,71.064697265625,71.16320037841797,38709.0
2013-10-30,46.2174186706543,71.45850372314453,71.75370025634766,71.36000061035156,71.36000061035156,49612.0
2013-10-31,46.344696044921875,71.6552963256836,72.44270324707031,71.36000061035156,71.85220336914062,64070.0
2013-11-01,46.2174186706543,71.45850372314453,71.85220336914062,71.45850372314453,71.75370025634766,43445.0
2013-11-04,46.09006118774414,71.2615966796875,71.55690002441406,70.8678970336914,71.45850372314453,71951.0
2013-11-05,45.70807647705078,70.6709976196289,71.2615966796875,70.47419738769531,71.2615966796875,127466.0
2013-11-06,45.70807647705078,70.6709976196289,70.6709976196289,70.27729797363281,70.6709976196289,65419.0
2013-11-07,44.81682205200195,69.29299926757812,70.76950073242188,69.29299926757812,70.6709976196289,235031.0
2013-11-08,44.7531852722168,69.1946029663086,69.3915023803711,68.997802734375,69.29299926757812,99718.0
2013-11-11,44.7531852722168,69.1946029663086,69.3915023803711,69.1946029663086,69.1946029663086,31699.0
2013-11-12,45.0078239440918,69.58830261230469,69.88359832763672,69.3915023803711,69.3915023803711,19955.0
2013-11-13,44.68954086303711,69.09619903564453,69.58830261230469,69.09619903564453,69.09619903564453,63303.0
2013-11-14,44.81682205200195,69.29299926757812,69.3915023803711,68.997802734375,69.1946029663086,36575.0
2013-11-15,45.0078239440918,69.58830261230469,69.68679809570312,68.89929962158203,68.89929962158203,18338.0
2013-11-18,44.62590026855469,68.997802734375,69.58830261230469,68.997802734375,69.58830261230469,41220.0
2013-11-19,44.88053894042969,69.3915023803711,69.78520202636719,68.997802734375,68.997802734375,44255.0
2013-11-20,44.68954086303711,69.09619903564453,69.68679809570312,68.89929962158203,69.3915023803711,79051.0
2013-11-21,44.307559967041016,68.50559997558594,69.48989868164062,68.01349639892578,69.48989868164062,78978.0
2013-11-22,44.562191009521484,68.89929962158203,69.1946029663086,68.4072036743164,68.4072036743164,39630.0
2013-11-25,44.562191009521484,68.89929962158203,69.09619903564453,68.8009033203125,69.09619903564453,31986.0
2013-11-26,44.81682205200195,69.29299926757812,69.29299926757812,68.89929962158203,68.997802734375,30479.0
2013-11-27,44.68954086303711,69.09619903564453,69.29299926757812,68.997802734375,69.29299926757812,37001.0
2013-11-28,45.0078239440918,69.58830261230469,69.58830261230469,68.997802734375,69.09619903564453,31596.0
2013-11-29,45.45344161987305,70.27729797363281,70.6709976196289,69.88359832763672,69.88359832763672,85758.0
2013-12-02,45.389808654785156,70.17890167236328,70.27729797363281,69.48989868164062,70.27729797363281,55363.0
2013-12-03,45.19881057739258,69.88359832763672,70.17890167236328,69.1946029663086,70.17890167236328,48279.0
2013-12-04,44.88053894042969,69.3915023803711,69.88359832763672,69.29299926757812,69.88359832763672,29463.0
2013-12-05,44.88053894042969,69.3915023803711,69.78520202636719,68.89929962158203,69.3915023803711,42855.0
2013-12-06,45.07152557373047,69.68679809570312,69.68679809570312,69.29299926757812,69.3915023803711,16291.0
2013-12-09,45.19881057739258,69.88359832763672,70.27729797363281,69.78520202636719,69.98200225830078,56895.0
2013-12-10,45.2624626159668,69.98200225830078,70.08049774169922,69.88359832763672,69.88359832763672,35213.0
2013-12-11,45.2624626159668,69.98200225830078,70.27729797363281,69.88359832763672,70.27729797363281,55736.0
2013-12-12,45.07152557373047,69.68679809570312,69.88359832763672,69.48989868164062,69.88359832763672,15240.0
2013-12-13,45.0078239440918,69.58830261230469,69.78520202636719,69.48989868164062,69.48989868164062,29560.0
2013-12-16,45.13517379760742,69.78520202636719,70.08049774169922,68.89929962158203,70.08049774169922,83936.0
2013-12-17,45.0078239440918,69.58830261230469,69.88359832763672,69.48989868164062,69.58830261230469,21427.0
2013-12-18,44.944175720214844,69.48989868164062,69.88359832763672,69.09619903564453,69.78520202636719,75528.0
2013-12-19,44.7531852722168,69.1946029663086,69.48989868164062,69.09619903564453,69.48989868164062,79368.0
2013-12-20,44.81682205200195,69.29299926757812,69.68679809570312,68.89929962158203,69.1946029663086,107693.0
2013-12-23,44.7531852722168,69.1946029663086,69.78520202636719,69.1946029663086,69.29299926757812,62853.0
2013-12-24,44.88053894042969,69.3915023803711,69.3915023803711,69.1946029663086,69.3915023803711,37794.0
2013-12-25,45.3261604309082,70.08049774169922,70.08049774169922,69.3915023803711,69.3915023803711,65246.0
2013-12-26,45.13517379760742,69.78520202636719,70.27729797363281,69.78520202636719,70.08049774169922,107897.0
2013-12-27,45.07152557373047,69.68679809570312,69.88359832763672,69.68679809570312,69.88359832763672,38729.0
2013-12-30,45.13517379760742,69.78520202636719,69.88359832763672,69.68679809570312,69.68679809570312,129951.0
2013-12-31,45.3261604309082,70.08049774169922,70.37570190429688,69.88359832763672,69.88359832763672,65429.0
2014-01-02,45.45344161987305,70.27729797363281,70.57260131835938,70.17890167236328,70.17890167236328,67287.0
2014-01-03,45.51708984375,70.37570190429688,70.37570190429688,69.88359832763672,69.88359832763672,67258.0
2014-01-06,45.51708984375,70.37570190429688,70.37570190429688,69.88359832763672,70.37570190429688,56002.0
2014-01-07,46.91767501831055,72.54119873046875,73.8207015991211,70.37570190429688,70.37570190429688,253395.0
2014-01-08,47.04496383666992,72.73799896240234,73.72229766845703,72.63960266113281,72.93489837646484,192207.0
2014-01-09,46.40834426879883,71.75370025634766,72.73799896240234,71.45850372314453,72.73799896240234,70346.0
2014-01-10,46.98131561279297,72.63960266113281,73.6239013671875,71.36000061035156,71.36000061035156,123652.0
2014-01-13,46.98131561279297,72.63960266113281,73.0333023071289,72.34429931640625,72.8364028930664,84107.0
2014-01-14,46.726680755615234,72.24590301513672,72.63960266113281,71.45850372314453,71.85220336914062,73242.0
2014-01-15,46.344696044921875,71.6552963256836,72.24590301513672,71.6552963256836,72.24590301513672,60959.0
2014-01-16,46.40834426879883,71.75370025634766,72.24590301513672,71.36000061035156,71.85220336914062,51012.0
2014-01-17,46.02642059326172,71.16320037841797,71.75370025634766,71.064697265625,71.75370025634766,52018.0
2014-01-20,46.153709411621094,71.36000061035156,71.36000061035156,70.8678970336914,70.8678970336914,42980.0
2014-01-21,46.472049713134766,71.85220336914062,71.95059967041016,70.96630096435547,70.96630096435547,37916.0
2014-01-22,46.153709411621094,71.36000061035156,72.04900360107422,71.36000061035156,71.85220336914062,40971.0
2014-01-23,46.6629753112793,72.14739990234375,72.14739990234375,71.55690002441406,72.04900360107422,57300.0
2014-01-24,46.28105545043945,71.55690002441406,72.14739990234375,71.45850372314453,72.14739990234375,35803.0
2014-01-27,45.89907455444336,70.96630096435547,71.064697265625,70.6709976196289,71.064697265625,94878.0
2014-02-05,45.83543014526367,70.8678970336914,70.8678970336914,69.88359832763672,69.88359832763672,44241.0
2014-02-06,46.09006118774414,71.2615966796875,71.2615966796875,70.8678970336914,70.8678970336914,31754.0
2014-02-07,46.09006118774414,71.2615966796875,71.55690002441406,71.2615966796875,71.36000061035156,28447.0
2014-02-10,45.771785736083984,70.76950073242188,71.16320037841797,70.6709976196289,71.16320037841797,49971.0
2014-02-11,46.53569412231445,71.95059967041016,72.8364028930664,71.36000061035156,71.36000061035156,56896.0
2014-02-12,46.59933090209961,72.04900360107422,72.44270324707031,71.95059967041016,72.34429931640625,64382.0
2014-02-13,46.40834426879883,71.75370025634766,72.14739990234375,71.36000061035156,72.14739990234375,43687.0
2014-02-14,46.91767501831055,72.54119873046875,73.2301025390625,72.14739990234375,72.14739990234375,164315.0
2014-02-17,47.23595428466797,73.0333023071289,73.32859802246094,72.54119873046875,73.32859802246094,117206.0
2014-02-18,47.426944732666016,73.32859802246094,74.50969696044922,73.13169860839844,73.32859802246094,363059.0
2014-02-19,47.55422592163086,73.52539825439453,74.0176010131836,73.32859802246094,73.32859802246094,114399.0
2014-02-20,47.108604431152344,72.8364028930664,73.8207015991211,72.8364028930664,73.8207015991211,154597.0
2014-02-21,47.74522018432617,73.8207015991211,73.8207015991211,72.93489837646484,73.8207015991211,89146.0
2014-02-24,47.61793518066406,73.6239013671875,74.41130065917969,73.32859802246094,73.8207015991211,94060.0
2014-02-25,47.04496383666992,72.73799896240234,73.6239013671875,72.63960266113281,73.6239013671875,168905.0
2014-02-26,47.29959487915039,73.13169860839844,73.427001953125,72.8364028930664,72.8364028930664,94984.0
2014-02-27,47.681575775146484,73.72229766845703,73.8207015991211,72.8364028930664,73.32859802246094,138132.0
2014-03-03,47.808860778808594,73.91909790039062,74.31289672851562,73.6239013671875,74.31289672851562,86612.0
2014-03-04,47.681575775146484,73.72229766845703,73.8207015991211,73.427001953125,73.72229766845703,65124.0
2014-03-05,47.936214447021484,74.11599731445312,74.41130065917969,73.8207015991211,73.8207015991211,164862.0
2014-03-06,50.418975830078125,77.95469665527344,78.25,74.31289672851562,74.80500030517578,739002.0
2014-03-07,49.52772521972656,76.57669830322266,80.31690216064453,76.37979888916016,78.54519653320312,560331.0
2014-03-10,49.78236389160156,76.97039794921875,77.95469665527344,76.57669830322266,76.77349853515625,165543.0
2014-03-11,49.59136962890625,76.67510223388672,77.26570129394531,76.57669830322266,76.97039794921875,115620.0
2014-03-12,49.59136962890625,76.67510223388672,76.77349853515625,76.37979888916016,76.67510223388672,67184.0
2014-03-13,49.655006408691406,76.77349853515625,76.87200164794922,76.47830200195312,76.67510223388672,135889.0
2014-03-14,48.82746887207031,75.49400329589844,76.77349853515625,75.2970962524414,76.37979888916016,143390.0
2014-03-17,49.27309036254883,76.18299865722656,76.57669830322266,75.88770294189453,75.88770294189453,80740.0
2014-03-18,49.336734771728516,76.28140258789062,76.97039794921875,75.69080352783203,76.18299865722656,79200.0
2014-03-19,49.52772521972656,76.57669830322266,76.57669830322266,75.39559936523438,76.08450317382812,147581.0
2014-03-20,49.27309036254883,76.18299865722656,76.57669830322266,75.49400329589844,76.57669830322266,75916.0
2014-03-21,49.336734771728516,76.28140258789062,78.54519653320312,76.28140258789062,77.26570129394531,294243.0
2014-03-24,49.08210372924805,75.88770294189453,75.98609924316406,74.60810089111328,75.49400329589844,119481.0
2014-03-25,49.01845932006836,75.78929901123047,76.47830200195312,75.69080352783203,75.88770294189453,104849.0
2014-03-26,49.27309036254883,76.18299865722656,76.28140258789062,75.39559936523438,76.28140258789062,141221.0
2014-03-27,49.20939254760742,76.08450317382812,76.28140258789062,75.69080352783203,76.18299865722656,117345.0
2014-03-28,48.82746887207031,75.49400329589844,76.47830200195312,75.49400329589844,76.37979888916016,144319.0
2014-03-31,49.46408462524414,76.47830200195312,76.47830200195312,75.49400329589844,75.49400329589844,101865.0
2014-04-01,49.655006408691406,76.77349853515625,76.97039794921875,76.47830200195312,76.47830200195312,119687.0
2014-04-02,50.164344787597656,77.56099700927734,77.6594009399414,77.16729736328125,77.16729736328125,160987.0
2014-04-03,50.6099739074707,78.25,78.25,77.16729736328125,77.75779724121094,121143.0
2014-04-07,50.2916259765625,77.75779724121094,78.25,77.56099700927734,78.25,81799.0
2014-04-08,50.2916259765625,77.75779724121094,77.856201171875,77.36409759521484,77.75779724121094,109014.0
2014-04-09,50.546260833740234,78.15149688720703,78.25,77.4625015258789,77.75779724121094,96873.0
2014-04-10,50.100643157958984,77.4625015258789,78.25,77.4625015258789,78.25,99951.0
2014-04-11,49.655006408691406,76.77349853515625,77.36409759521484,76.67510223388672,77.16729736328125,105255.0
2014-04-14,49.20939254760742,76.08450317382812,76.77349853515625,75.98609924316406,76.77349853515625,137249.0
2014-04-15,49.52772521972656,76.57669830322266,76.67510223388672,76.08450317382812,76.08450317382812,77427.0
2014-04-16,49.52772521972656,76.57669830322266,77.06880187988281,76.47830200195312,76.77349853515625,59022.0
2014-04-17,49.718719482421875,76.87200164794922,77.06880187988281,76.57669830322266,76.57669830322266,72041.0
2014-04-18,49.78236389160156,76.97039794921875,77.56099700927734,76.97039794921875,77.56099700927734,34244.0
2014-04-21,49.655006408691406,76.77349853515625,77.06880187988281,76.67510223388672,77.06880187988281,41006.0
2014-04-22,49.655006408691406,76.77349853515625,76.77349853515625,76.57669830322266,76.77349853515625,79246.0
2014-04-23,49.59136962890625,76.67510223388672,77.06880187988281,75.98609924316406,76.97039794921875,68116.0
2014-04-24,49.52772521972656,76.57669830322266,77.56099700927734,76.18299865722656,76.28140258789062,78170.0
2014-04-25,49.01845932006836,75.78929901123047,76.97039794921875,75.39559936523438,75.59239959716797,131715.0
2014-04-28,48.700111389160156,75.2970962524414,75.78929901123047,74.60810089111328,74.80500030517578,125499.0
2014-04-29,49.46408462524414,76.47830200195312,76.77349853515625,75.78929901123047,75.78929901123047,47059.0
2014-04-30,49.08210372924805,75.88770294189453,76.67510223388672,75.88770294189453,76.47830200195312,50433.0
2014-05-02,49.27309036254883,76.18299865722656,76.47830200195312,75.78929901123047,75.78929901123047,49951.0
2014-05-05,49.655006408691406,76.77349853515625,77.16729736328125,76.28140258789062,76.28140258789062,104466.0
2014-05-06,49.655006408691406,76.77349853515625,76.77349853515625,76.28140258789062,76.77349853515625,102766.0
2014-05-07,49.4003791809082,76.37979888916016,76.97039794921875,76.37979888916016,76.77349853515625,27431.0
2014-05-08,49.655006408691406,76.77349853515625,76.77349853515625,76.18299865722656,76.28140258789062,68070.0
2014-05-09,49.336734771728516,76.28140258789062,77.26570129394531,76.18299865722656,77.26570129394531,74227.0
2014-05-12,49.01845932006836,75.78929901123047,76.47830200195312,75.69080352783203,75.78929901123047,55421.0
2014-05-13,48.763824462890625,75.39559936523438,76.28140258789062,75.19869995117188,76.28140258789062,107074.0
2014-05-14,48.44547653198242,74.90339660644531,75.78929901123047,74.31289672851562,75.49400329589844,138670.0
2014-05-15,48.57283401489258,75.10030364990234,75.2970962524414,74.80500030517578,74.80500030517578,37973.0
2014-05-16,48.763824462890625,75.39559936523438,75.59239959716797,74.90339660644531,75.10030364990234,21335.0
2014-05-19,49.01845932006836,75.78929901123047,75.78929901123047,75.2970962524414,75.2970962524414,39826.0
2014-05-20,48.82746887207031,75.49400329589844,75.78929901123047,75.2970962524414,75.78929901123047,30847.0
2014-05-21,48.82746887207031,75.49400329589844,75.69080352783203,74.80500030517578,74.80500030517578,44942.0
2014-05-22,48.763824462890625,75.39559936523438,75.59239959716797,75.19869995117188,75.59239959716797,17515.0
2014-05-23,48.89111328125,75.59239959716797,76.18299865722656,75.39559936523438,75.69080352783203,50799.0
2014-05-26,48.700111389160156,75.2970962524414,75.78929901123047,74.80500030517578,75.59239959716797,276345.0
2014-05-27,48.700111389160156,75.2970962524414,75.59239959716797,75.00180053710938,75.2970962524414,57893.0
2014-05-28,49.01845932006836,75.78929901123047,75.78929901123047,75.2970962524414,75.2970962524414,134482.0
2014-05-29,48.700111389160156,75.2970962524414,75.78929901123047,75.2970962524414,75.78929901123047,47263.0
2014-05-30,46.79032516479492,72.34429931640625,75.78929901123047,70.08049774169922,75.78929901123047,342479.0
2014-06-03,47.23595428466797,73.0333023071289,74.41130065917969,72.8364028930664,72.8364028930664,263465.0
2014-06-04,47.936214447021484,74.11599731445312,74.41130065917969,73.427001953125,73.427001953125,30794.0
2014-06-05,47.808860778808594,73.91909790039062,74.80500030517578,73.8207015991211,74.41130065917969,78261.0
2014-06-06,47.74522018432617,73.8207015991211,74.0176010131836,73.52539825439453,73.91909790039062,81177.0
2014-06-09,48.25448989868164,74.60810089111328,75.00180053710938,74.11599731445312,74.11599731445312,45719.0
2014-06-10,48.57283401489258,75.10030364990234,75.2970962524414,74.70659637451172,74.90339660644531,47598.0
2014-06-11,48.509124755859375,75.00180053710938,75.2970962524414,74.90339660644531,75.2970962524414,47344.0
2014-06-12,48.31819534301758,74.70659637451172,75.10030364990234,74.70659637451172,75.00180053710938,81091.0
2014-06-13,48.57283401489258,75.10030364990234,75.2970962524414,74.80500030517578,74.80500030517578,31851.0
2014-06-16,48.82746887207031,75.49400329589844,75.49400329589844,75.10030364990234,75.10030364990234,43087.0
2014-06-17,48.89111328125,75.59239959716797,75.88770294189453,75.39559936523438,75.49400329589844,98499.0
2014-06-18,48.89111328125,75.59239959716797,75.59239959716797,75.49400329589844,75.59239959716797,21347.0
2014-06-19,49.08210372924805,75.88770294189453,75.98609924316406,75.59239959716797,75.59239959716797,60736.0
2014-06-20,49.01845932006836,75.78929901123047,76.18299865722656,75.59239959716797,76.18299865722656,48424.0
2014-06-23,48.381839752197266,74.80500030517578,76.08450317382812,74.60810089111328,75.98609924316406,118209.0
2014-06-24,48.700111389160156,75.2970962524414,75.39559936523438,74.80500030517578,74.80500030517578,58463.0
2014-06-25,48.82746887207031,75.49400329589844,75.78929901123047,75.00180053710938,75.39559936523438,46763.0
2014-06-26,48.763824462890625,75.39559936523438,75.69080352783203,75.39559936523438,75.69080352783203,43849.0
2014-06-27,48.89111328125,75.59239959716797,75.69080352783203,75.2970962524414,75.39559936523438,41147.0
2014-06-30,48.954750061035156,75.69080352783203,75.69080352783203,75.39559936523438,75.59239959716797,103629.0
2014-07-01,49.20939254760742,76.08450317382812,76.08450317382812,75.69080352783203,75.78929901123047,115245.0
2014-07-02,49.52772521972656,76.57669830322266,77.26570129394531,75.88770294189453,76.08450317382812,202052.0
2014-07-03,49.52772521972656,76.57669830322266,76.77349853515625,75.78929901123047,76.57669830322266,256418.0
2014-07-04,49.336734771728516,76.28140258789062,76.57669830322266,75.78929901123047,76.57669830322266,186230.0
2014-07-07,49.20939254760742,76.08450317382812,76.28140258789062,75.59239959716797,76.28140258789062,451863.0
2014-07-08,49.672645568847656,71.75370025634766,72.34429931640625,71.2615966796875,71.2615966796875,343890.0
2014-07-09,49.40010452270508,71.36000061035156,71.75370025634766,71.2615966796875,71.75370025634766,127098.0
2014-07-10,49.80895233154297,71.95059967041016,71.95059967041016,71.55690002441406,71.85220336914062,68694.0
2014-07-11,49.1956787109375,71.064697265625,71.85220336914062,70.96630096435547,71.85220336914062,119377.0
2014-07-14,49.26386642456055,71.16320037841797,71.36000061035156,70.96630096435547,71.064697265625,71200.0
2014-07-15,49.33198165893555,71.2615966796875,71.6552963256836,71.16320037841797,71.6552963256836,35379.0
2014-07-16,49.40010452270508,71.36000061035156,71.6552963256836,71.2615966796875,71.2615966796875,61097.0
2014-07-17,49.33198165893555,71.2615966796875,71.45850372314453,71.16320037841797,71.36000061035156,27431.0
2014-07-18,49.33198165893555,71.2615966796875,71.45850372314453,71.064697265625,71.2615966796875,49092.0
2014-07-21,49.26386642456055,71.16320037841797,71.2615966796875,71.16320037841797,71.2615966796875,73150.0
2014-07-22,49.40010452270508,71.36000061035156,71.45850372314453,71.16320037841797,71.16320037841797,32816.0
2014-07-23,49.40010452270508,71.36000061035156,71.36000061035156,71.36000061035156,71.36000061035156,0.0
2014-07-24,49.40010452270508,71.36000061035156,71.6552963256836,71.16320037841797,71.6552963256836,56685.0
2014-07-25,49.33198165893555,71.2615966796875,71.45850372314453,71.2615966796875,71.45850372314453,28528.0
2014-07-28,49.1956787109375,71.064697265625,71.16320037841797,71.064697265625,71.16320037841797,36771.0
2014-07-29,49.33198165893555,71.2615966796875,71.6552963256836,70.8678970336914,71.2615966796875,82609.0
2014-07-30,49.33198165893555,71.2615966796875,71.2615966796875,71.16320037841797,71.2615966796875,28650.0
2014-07-31,49.33198165893555,71.2615966796875,71.2615966796875,71.064697265625,71.2615966796875,45255.0
2014-08-01,49.1956787109375,71.064697265625,71.2615966796875,70.8678970336914,71.16320037841797,61538.0
2014-08-04,49.1956787109375,71.064697265625,71.064697265625,70.76950073242188,70.96630096435547,80465.0
2014-08-05,49.1956787109375,71.064697265625,71.064697265625,70.8678970336914,71.064697265625,82294.0
2014-08-06,48.51434326171875,70.08049774169922,70.96630096435547,69.68679809570312,70.8678970336914,137157.0
2014-08-07,48.58247375488281,70.17890167236328,70.37570190429688,69.88359832763672,70.08049774169922,56187.0
2014-08-08,48.51434326171875,70.08049774169922,70.17890167236328,69.68679809570312,70.17890167236328,76658.0
2014-08-11,48.58247375488281,70.17890167236328,70.6709976196289,69.78520202636719,69.88359832763672,87658.0
2014-08-12,48.4461669921875,69.98200225830078,70.08049774169922,69.88359832763672,70.08049774169922,44246.0
2014-08-13,48.3780403137207,69.88359832763672,69.98200225830078,69.58830261230469,69.98200225830078,71582.0
2014-08-14,48.03738021850586,69.3915023803711,69.88359832763672,69.29299926757812,69.78520202636719,72100.0
2014-08-15,48.58247375488281,70.17890167236328,72.24590301513672,69.88359832763672,72.24590301513672,52955.0
2014-08-18,48.4461669921875,69.98200225830078,70.37570190429688,69.1946029663086,70.17890167236328,65022.0
2014-08-19,48.4461669921875,69.98200225830078,69.98200225830078,69.78520202636719,69.98200225830078,31647.0
2014-08-20,48.24180603027344,69.68679809570312,69.98200225830078,69.68679809570312,69.98200225830078,20391.0
2014-08-21,47.90107345581055,69.1946029663086,69.58830261230469,68.997802734375,69.58830261230469,55066.0
2014-08-22,48.17361831665039,69.58830261230469,69.58830261230469,68.997802734375,69.09619903564453,49021.0
2014-08-25,48.30992126464844,69.78520202636719,69.78520202636719,69.29299926757812,69.3915023803711,27993.0
2014-08-26,48.17361831665039,69.58830261230469,69.88359832763672,69.58830261230469,69.88359832763672,41655.0
2014-08-27,48.30992126464844,69.78520202636719,69.88359832763672,69.58830261230469,69.68679809570312,50216.0
2014-08-28,48.71870422363281,70.37570190429688,70.6709976196289,69.78520202636719,69.78520202636719,52831.0
2014-08-29,48.855010986328125,70.57260131835938,70.57260131835938,69.98200225830078,70.37570190429688,34094.0
2014-09-01,48.78689193725586,70.47419738769531,70.57260131835938,70.37570190429688,70.57260131835938,40029.0
2014-09-02,48.58247375488281,70.17890167236328,70.47419738769531,70.08049774169922,70.47419738769531,40983.0
2014-09-03,48.3780403137207,69.88359832763672,70.17890167236328,69.78520202636719,70.17890167236328,38709.0
2014-09-04,48.105491638183594,69.48989868164062,69.88359832763672,69.3915023803711,69.88359832763672,18645.0
2014-09-05,48.3780403137207,69.88359832763672,70.08049774169922,69.3915023803711,69.3915023803711,15611.0
2014-09-09,48.30992126464844,69.78520202636719,69.98200225830078,69.68679809570312,69.88359832763672,15494.0
2014-09-10,48.24180603027344,69.68679809570312,69.78520202636719,69.3915023803711,69.78520202636719,31495.0
2014-09-11,48.105491638183594,69.48989868164062,70.08049774169922,69.3915023803711,70.08049774169922,24485.0
2014-09-12,48.3780403137207,69.88359832763672,69.88359832763672,68.4072036743164,69.48989868164062,82944.0
2014-09-15,47.90107345581055,69.1946029663086,69.78520202636719,69.09619903564453,69.3915023803711,33376.0
2014-09-16,47.90107345581055,69.1946029663086,69.1946029663086,68.89929962158203,68.89929962158203,20320.0
2014-09-17,47.83294677734375,69.09619903564453,69.48989868164062,68.997802734375,69.48989868164062,21575.0
2014-09-18,47.96918869018555,69.29299926757812,69.3915023803711,69.1946029663086,69.3915023803711,21346.0
2014-09-19,48.03738021850586,69.3915023803711,69.48989868164062,69.1946029663086,69.29299926757812,19304.0
2014-09-22,47.83294677734375,69.09619903564453,69.68679809570312,68.997802734375,69.68679809570312,23367.0
2014-09-23,47.764835357666016,68.997802734375,69.3915023803711,68.997802734375,69.3915023803711,9144.0
2014-09-24,47.83294677734375,69.09619903564453,69.1946029663086,68.89929962158203,69.09619903564453,25018.0
2014-09-25,47.83294677734375,69.09619903564453,69.78520202636719,69.09619903564453,69.78520202636719,34848.0
2014-09-26,47.6966438293457,68.89929962158203,68.89929962158203,68.50559997558594,68.89929962158203,69149.0
2014-09-29,47.492218017578125,68.60399627685547,68.89929962158203,68.50559997558594,68.89929962158203,28520.0
2014-09-30,47.151554107666016,68.11190032958984,68.50559997558594,68.11190032958984,68.4072036743164,44703.0
2014-10-01,47.35598373413086,68.4072036743164,68.89929962158203,67.61979675292969,68.11190032958984,38662.0
2014-10-02,47.151554107666016,68.11190032958984,68.4072036743164,68.01349639892578,68.4072036743164,38607.0
2014-10-03,47.287864685058594,68.30879974365234,68.4072036743164,68.11190032958984,68.4072036743164,24398.0
2014-10-06,47.35598373413086,68.4072036743164,68.60399627685547,68.11190032958984,68.11190032958984,24485.0
2014-10-07,47.35598373413086,68.4072036743164,68.8009033203125,68.11190032958984,68.4072036743164,44335.0
2014-10-08,46.87900924682617,67.71820068359375,68.4072036743164,67.71820068359375,68.01349639892578,91539.0
2014-10-09,46.81088638305664,67.61979675292969,68.21029663085938,67.61979675292969,68.01349639892578,12192.0
2014-10-13,45.8569450378418,66.2417984008789,67.42289733886719,66.0448989868164,66.73390197753906,131162.0
2014-10-14,46.19761276245117,66.73390197753906,67.2260971069336,66.2417984008789,66.2417984008789,43026.0
2014-10-15,45.31185531616211,65.45439910888672,66.93080139160156,65.25749969482422,66.93080139160156,107109.0
2014-10-16,45.31185531616211,65.45439910888672,65.45439910888672,64.96219635009766,65.45439910888672,101522.0
2014-10-17,45.039310455322266,65.06069946289062,66.14340209960938,64.96219635009766,65.45439910888672,84326.0
2014-10-20,45.8569450378418,66.2417984008789,66.34020233154297,65.15910339355469,65.55280303955078,51815.0
2014-10-21,45.652523040771484,65.94650268554688,66.53710174560547,65.45439910888672,66.2417984008789,52831.0
2014-10-22,45.993186950683594,66.4385986328125,66.4385986328125,65.74960327148438,65.94650268554688,45426.0
2014-10-23,45.92506790161133,66.34020233154297,66.8323974609375,65.94650268554688,66.34020233154297,8636.0
2014-10-24,45.7888298034668,66.14340209960938,66.14340209960938,65.94650268554688,65.94650268554688,45719.0
2014-10-27,45.652523040771484,65.94650268554688,66.14340209960938,65.55280303955078,66.14340209960938,79470.0
2014-10-28,45.652523040771484,65.94650268554688,65.94650268554688,65.06069946289062,65.45439910888672,16256.0
2014-10-29,45.720638275146484,66.0448989868164,66.53710174560547,66.0448989868164,66.4385986328125,62279.0
2014-10-30,45.7888298034668,66.14340209960938,66.73390197753906,66.0448989868164,66.0448989868164,22402.0
2014-10-31,45.92506790161133,66.34020233154297,66.73390197753906,66.2417984008789,66.2417984008789,13388.0
2014-11-03,46.19761276245117,66.73390197753906,66.93080139160156,66.4385986328125,66.73390197753906,38607.0
2014-11-04,46.061378479003906,66.53710174560547,67.12760162353516,66.53710174560547,67.12760162353516,21335.0
2014-11-05,45.92506790161133,66.34020233154297,66.635498046875,66.34020233154297,66.53710174560547,13219.0
2014-11-06,45.8569450378418,66.2417984008789,66.4385986328125,65.94650268554688,65.94650268554688,32511.0
2014-11-07,45.993186950683594,66.4385986328125,66.53710174560547,66.2417984008789,66.2417984008789,10761.0
2014-11-10,46.470157623291016,67.12760162353516,67.32450103759766,66.53710174560547,67.12760162353516,74217.0
2014-11-11,46.40203857421875,67.0291976928711,67.12760162353516,66.8323974609375,66.93080139160156,17307.0
2014-11-12,46.40203857421875,67.0291976928711,67.42289733886719,67.0291976928711,67.42289733886719,31597.0
2014-11-13,46.129486083984375,66.635498046875,67.0291976928711,66.635498046875,67.0291976928711,54050.0
2014-11-14,46.333919525146484,66.93080139160156,67.0291976928711,66.635498046875,66.635498046875,16459.0
2014-11-17,46.40203857421875,67.0291976928711,67.12760162353516,66.73390197753906,67.0291976928711,36697.0
2014-11-18,46.129486083984375,66.635498046875,67.12760162353516,66.53710174560547,67.12760162353516,24383.0
2014-11-19,46.129486083984375,66.635498046875,67.0291976928711,66.635498046875,66.635498046875,17349.0
2014-11-20,46.470157623291016,67.12760162353516,67.91510009765625,66.635498046875,67.91510009765625,24617.0
2014-11-21,46.470157623291016,67.12760162353516,67.2260971069336,66.53710174560547,67.12760162353516,73353.0
2014-11-24,46.40203857421875,67.0291976928711,67.12760162353516,66.4385986328125,66.93080139160156,44703.0
2014-11-25,46.333919525146484,66.93080139160156,67.0291976928711,66.2417984008789,66.93080139160156,44703.0
2014-11-26,45.993186950683594,66.4385986328125,66.53710174560547,66.34020233154297,66.53710174560547,31557.0
2014-11-27,46.061378479003906,66.53710174560547,66.8323974609375,66.53710174560547,66.8323974609375,18288.0
2014-11-28,46.061378479003906,66.53710174560547,66.8323974609375,66.53710174560547,66.73390197753906,8128.0
2014-12-01,46.60646438598633,67.32450103759766,67.42289733886719,65.94650268554688,66.14340209960938,28447.0
2014-12-02,46.19761276245117,66.73390197753906,66.73390197753906,66.73390197753906,66.73390197753906,62990.0
2014-12-03,46.470157623291016,67.12760162353516,67.12760162353516,67.12760162353516,67.12760162353516,75995.0
2014-12-04,46.74270248413086,67.52130126953125,67.52130126953125,67.52130126953125,67.52130126953125,174748.0
2014-12-05,46.74270248413086,67.52130126953125,67.61979675292969,67.32450103759766,67.52130126953125,20378.0
2014-12-08,46.470157623291016,67.12760162353516,67.52130126953125,67.12760162353516,67.32450103759766,125168.0
2014-12-09,46.67457962036133,67.42289733886719,67.52130126953125,67.2260971069336,67.42289733886719,21296.0
2014-12-10,46.333919525146484,66.93080139160156,67.42289733886719,66.93080139160156,67.42289733886719,47317.0
2014-12-11,46.333919525146484,66.93080139160156,66.93080139160156,66.4385986328125,66.93080139160156,19856.0
2014-12-12,46.470157623291016,67.12760162353516,67.12760162353516,66.635498046875,66.93080139160156,25681.0
2014-12-15,46.061378479003906,66.53710174560547,66.93080139160156,66.4385986328125,66.93080139160156,20572.0
2014-12-16,46.333919525146484,66.93080139160156,66.93080139160156,66.73390197753906,66.73390197753906,15240.0
2014-12-17,46.333919525146484,66.93080139160156,66.93080139160156,66.4385986328125,66.93080139160156,32511.0
2014-12-18,46.129486083984375,66.635498046875,66.93080139160156,66.53710174560547,66.93080139160156,20340.0
2014-12-19,46.19761276245117,66.73390197753906,67.42289733886719,66.635498046875,67.42289733886719,37683.0
2014-12-22,46.26579666137695,66.8323974609375,66.8323974609375,65.94650268554688,66.4385986328125,58619.0
2014-12-23,46.333919525146484,66.93080139160156,66.93080139160156,66.4385986328125,66.93080139160156,25603.0
2014-12-24,46.26579666137695,66.8323974609375,66.93080139160156,66.73390197753906,66.93080139160156,23571.0
2014-12-25,45.993186950683594,66.4385986328125,66.93080139160156,66.34020233154297,66.93080139160156,65409.0
2014-12-26,46.333919525146484,66.93080139160156,67.12760162353516,66.4385986328125,66.4385986328125,34547.0
2014-12-29,46.470157623291016,67.12760162353516,67.32450103759766,67.12760162353516,67.32450103759766,34687.0
2014-12-30,46.470157623291016,67.12760162353516,67.2260971069336,66.73390197753906,67.12760162353516,24383.0
2014-12-31,46.470157623291016,67.12760162353516,67.42289733886719,67.0291976928711,67.42289733886719,40641.0
2015-01-05,46.333919525146484,66.93080139160156,67.32450103759766,66.73390197753906,67.12760162353516,40660.0
2015-01-06,46.40203857421875,67.0291976928711,67.42289733886719,66.93080139160156,66.93080139160156,76259.0
2015-01-07,46.60646438598633,67.32450103759766,67.42289733886719,66.73390197753906,67.42289733886719,30479.0
2015-01-08,46.74270248413086,67.52130126953125,67.52130126953125,67.32450103759766,67.32450103759766,116024.0
2015-01-09,46.94712448120117,67.81659698486328,68.01349639892578,67.61979675292969,67.81659698486328,50831.0
2015-01-12,47.015316009521484,67.91510009765625,68.21029663085938,67.81659698486328,67.81659698486328,62322.0
2015-01-13,47.287864685058594,68.30879974365234,68.30879974365234,67.42289733886719,67.91510009765625,45014.0
2015-01-14,47.21967315673828,68.21029663085938,68.21029663085938,67.91510009765625,67.91510009765625,32322.0
2015-01-15,47.015316009521484,67.91510009765625,68.30879974365234,67.91510009765625,67.91510009765625,58642.0
2015-01-16,47.151554107666016,68.11190032958984,68.30879974365234,67.61979675292969,68.21029663085938,71340.0
2015-01-19,47.015316009521484,67.91510009765625,68.21029663085938,67.52130126953125,68.01349639892578,62127.0
2015-01-20,46.81088638305664,67.61979675292969,68.01349639892578,67.52130126953125,67.91510009765625,20320.0
2015-01-21,47.015316009521484,67.91510009765625,67.91510009765625,67.61979675292969,67.91510009765625,38709.0
2015-01-22,47.21967315673828,68.21029663085938,68.21029663085938,67.91510009765625,68.01349639892578,48157.0
2015-01-23,47.21967315673828,68.21029663085938,68.4072036743164,68.21029663085938,68.30879974365234,91946.0
2015-01-26,47.21967315673828,68.21029663085938,68.30879974365234,68.11190032958984,68.21029663085938,55162.0
2015-01-27,47.42409896850586,68.50559997558594,68.50559997558594,68.21029663085938,68.21029663085938,42201.0
2015-01-28,47.35598373413086,68.4072036743164,68.70249938964844,68.30879974365234,68.30879974365234,38659.0
2015-01-29,47.6966438293457,68.89929962158203,69.3915023803711,68.50559997558594,68.50559997558594,46096.0
2015-01-30,47.83294677734375,69.09619903564453,69.1946029663086,68.89929962158203,68.89929962158203,41059.0
2015-02-02,47.96918869018555,69.29299926757812,69.29299926757812,68.997802734375,69.09619903564453,34035.0
2015-02-03,48.03738021850586,69.3915023803711,69.48989868164062,69.29299926757812,69.3915023803711,46989.0
2015-02-04,48.30992126464844,69.78520202636719,70.08049774169922,69.48989868164062,69.88359832763672,69533.0
2015-02-05,48.51434326171875,70.08049774169922,70.08049774169922,69.78520202636719,69.78520202636719,43032.0
2015-02-06,48.51434326171875,70.08049774169922,70.57260131835938,70.08049774169922,70.17890167236328,85546.0
2015-02-09,47.6966438293457,68.89929962158203,69.88359832763672,68.89929962158203,69.88359832763672,133418.0
2015-02-10,47.35598373413086,68.4072036743164,69.1946029663086,67.91510009765625,67.91510009765625,62101.0
2015-02-11,47.6966438293457,68.89929962158203,69.1946029663086,68.4072036743164,68.4072036743164,38607.0
2015-02-12,47.764835357666016,68.997802734375,68.997802734375,68.70249938964844,68.89929962158203,19054.0
2015-02-13,47.90107345581055,69.1946029663086,69.1946029663086,68.70249938964844,68.89929962158203,26415.0
2015-02-24,47.90107345581055,69.1946029663086,69.29299926757812,68.997802734375,69.1946029663086,56133.0
2015-02-25,48.51434326171875,70.08049774169922,70.08049774169922,69.1946029663086,69.1946029663086,32956.0
2015-02-26,48.03738021850586,69.3915023803711,69.58830261230469,69.3915023803711,69.58830261230469,25704.0
2015-03-02,48.3780403137207,69.88359832763672,70.17890167236328,69.29299926757812,69.3915023803711,76605.0
2015-03-03,48.4461669921875,69.98200225830078,70.08049774169922,69.48989868164062,69.88359832763672,33629.0
2015-03-04,48.4461669921875,69.98200225830078,70.08049774169922,69.88359832763672,69.98200225830078,42175.0
2015-03-05,47.90107345581055,69.1946029663086,69.88359832763672,69.09619903564453,69.78520202636719,95960.0
2015-03-06,47.96918869018555,69.29299926757812,69.78520202636719,69.1946029663086,69.58830261230469,73150.0
2015-03-09,47.96918869018555,69.29299926757812,69.29299926757812,68.89929962158203,68.89929962158203,57017.0
2015-03-10,48.03738021850586,69.3915023803711,69.98200225830078,68.89929962158203,68.89929962158203,81621.0
2015-03-11,47.764835357666016,68.997802734375,69.48989868164062,68.8009033203125,68.997802734375,102817.0
2015-03-12,47.96918869018555,69.29299926757812,69.3915023803711,68.997802734375,68.997802734375,35025.0
2015-03-13,47.90107345581055,69.1946029663086,69.3915023803711,68.997802734375,69.3915023803711,46823.0
2015-03-16,47.90107345581055,69.1946029663086,69.1946029663086,69.1946029663086,69.1946029663086,0.0
2015-03-17,48.30992126464844,69.78520202636719,70.27729797363281,69.68679809570312,70.27729797363281,28650.0
2015-03-18,47.96918869018555,69.29299926757812,70.08049774169922,69.1946029663086,69.88359832763672,69730.0
2015-03-19,48.58247375488281,70.17890167236328,70.76950073242188,69.29299926757812,69.68679809570312,119598.0
2015-03-20,48.58247375488281,70.17890167236328,70.8678970336914,70.08049774169922,70.8678970336914,96018.0
2015-03-23,48.65058898925781,70.27729797363281,70.8678970336914,70.27729797363281,70.37570190429688,64616.0
2015-03-24,48.51434326171875,70.08049774169922,70.37570190429688,69.98200225830078,70.37570190429688,35701.0
2015-03-25,48.3780403137207,69.88359832763672,70.37570190429688,69.68679809570312,70.37570190429688,28472.0
2015-03-26,48.51434326171875,70.08049774169922,70.08049774169922,69.29299926757812,69.3915023803711,128087.0
2015-03-27,48.17361831665039,69.58830261230469,70.08049774169922,69.3915023803711,70.08049774169922,75900.0
2015-03-30,48.3780403137207,69.88359832763672,69.88359832763672,69.3915023803711,69.58830261230469,34543.0
2015-03-31,48.71870422363281,70.37570190429688,70.8678970336914,70.17890167236328,70.8678970336914,145501.0
2015-04-01,48.3780403137207,69.88359832763672,70.37570190429688,69.88359832763672,70.37570190429688,87760.0
2015-04-02,48.855010986328125,70.57260131835938,70.8678970336914,69.98200225830078,70.6709976196289,102776.0
2015-04-07,49.127559661865234,70.96630096435547,71.2615966796875,70.27729797363281,71.2615966796875,134280.0
2015-04-08,49.05944061279297,70.8678970336914,70.8678970336914,70.37570190429688,70.8678970336914,49000.0
2015-04-09,48.78689193725586,70.47419738769531,70.8678970336914,70.47419738769531,70.8678970336914,70106.0
2015-04-10,48.9913215637207,70.76950073242188,70.76950073242188,69.98200225830078,70.47419738769531,144980.0
2015-04-13,49.05944061279297,70.8678970336914,71.064697265625,70.76950073242188,70.76950073242188,95867.0
2015-04-14,49.05944061279297,70.8678970336914,70.8678970336914,70.37570190429688,70.8678970336914,51820.0
2015-04-15,48.9913215637207,70.76950073242188,70.8678970336914,70.47419738769531,70.8678970336914,26416.0
2015-04-16,49.05944061279297,70.8678970336914,70.8678970336914,70.6709976196289,70.76950073242188,44278.0
2015-04-17,49.33198165893555,71.2615966796875,71.36000061035156,70.76950073242188,70.8678970336914,68609.0
2015-04-20,49.05944061279297,70.8678970336914,71.16320037841797,70.76950073242188,71.16320037841797,70161.0
2015-04-21,48.58247375488281,70.17890167236328,70.8678970336914,70.08049774169922,70.8678970336914,58927.0
2015-04-22,48.65058898925781,70.27729797363281,70.6709976196289,70.17890167236328,70.17890167236328,49884.0
2015-04-23,48.855010986328125,70.57260131835938,70.8678970336914,70.47419738769531,70.76950073242188,62213.0
2015-04-24,48.923133850097656,70.6709976196289,70.8678970336914,70.6709976196289,70.8678970336914,45014.0
2015-04-27,49.26386642456055,71.16320037841797,71.16320037841797,70.57260131835938,70.8678970336914,78515.0
2015-04-28,48.923133850097656,70.6709976196289,71.064697265625,70.57260131835938,70.8678970336914,50799.0
2015-04-29,48.855010986328125,70.57260131835938,71.064697265625,70.47419738769531,70.6709976196289,46857.0
2015-04-30,48.9913215637207,70.76950073242188,70.96630096435547,70.57260131835938,70.57260131835938,24587.0
2015-05-04,48.923133850097656,70.6709976196289,70.96630096435547,70.57260131835938,70.96630096435547,52164.0
2015-05-05,48.78689193725586,70.47419738769531,70.76950073242188,70.47419738769531,70.6709976196289,29480.0
2015-05-06,48.71870422363281,70.37570190429688,70.47419738769531,70.37570190429688,70.37570190429688,27445.0
2015-05-07,48.51434326171875,70.08049774169922,70.6709976196289,70.08049774169922,70.37570190429688,49630.0
2015-05-08,48.51434326171875,70.08049774169922,70.6709976196289,70.08049774169922,70.08049774169922,38730.0
2015-05-11,48.3780403137207,69.88359832763672,70.27729797363281,69.68679809570312,70.08049774169922,151807.0
2015-05-12,48.3780403137207,69.88359832763672,70.37570190429688,69.78520202636719,69.88359832763672,53318.0
2015-05-13,48.9913215637207,70.76950073242188,70.8678970336914,69.29299926757812,69.29299926757812,110030.0
2015-05-14,48.24180603027344,69.68679809570312,70.8678970336914,69.48989868164062,70.76950073242188,98551.0
2015-05-15,48.30992126464844,69.78520202636719,70.08049774169922,69.68679809570312,69.88359832763672,72504.0
2015-05-18,48.17361831665039,69.58830261230469,69.78520202636719,69.48989868164062,69.78520202636719,52831.0
2015-05-19,48.3780403137207,69.88359832763672,69.88359832763672,69.48989868164062,69.48989868164062,59943.0
2015-05-20,48.65058898925781,70.27729797363281,70.27729797363281,69.88359832763672,69.88359832763672,14241.0
2015-05-21,48.24180603027344,69.68679809570312,70.27729797363281,69.58830261230469,69.88359832763672,14427.0
2015-05-22,48.30992126464844,69.78520202636719,69.88359832763672,69.58830261230469,69.78520202636719,31496.0
2015-05-25,48.24180603027344,69.68679809570312,70.27729797363281,69.68679809570312,70.17890167236328,25552.0
2015-05-26,48.24180603027344,69.68679809570312,69.68679809570312,69.48989868164062,69.68679809570312,36677.0
2015-05-27,48.30992126464844,69.78520202636719,69.88359832763672,69.48989868164062,69.68679809570312,32565.0
2015-05-28,48.3780403137207,69.88359832763672,69.88359832763672,69.58830261230469,69.78520202636719,30595.0
2015-05-29,48.17361831665039,69.58830261230469,69.88359832763672,69.58830261230469,69.78520202636719,18797.0
2015-06-01,48.17361831665039,69.58830261230469,69.68679809570312,69.3915023803711,69.58830261230469,41960.0
2015-06-02,48.105491638183594,69.48989868164062,69.58830261230469,69.3915023803711,69.48989868164062,30505.0
2015-06-03,47.764835357666016,68.997802734375,69.48989868164062,68.997802734375,69.48989868164062,26608.0
2015-06-04,47.492218017578125,68.60399627685547,69.09619903564453,68.4072036743164,69.09619903564453,54939.0
2015-06-05,47.35598373413086,68.4072036743164,68.60399627685547,67.91510009765625,68.60399627685547,53003.0
2015-06-08,47.08343505859375,68.01349639892578,68.21029663085938,67.91510009765625,68.21029663085938,57118.0
2015-06-09,46.53833770751953,67.2260971069336,67.91510009765625,67.0291976928711,67.91510009765625,117199.0
2015-06-10,46.81088638305664,67.61979675292969,68.70249938964844,66.93080139160156,66.93080139160156,20730.0
2015-06-11,46.87900924682617,67.71820068359375,67.81659698486328,67.52130126953125,67.71820068359375,19710.0
2015-06-12,46.67457962036133,67.42289733886719,67.71820068359375,67.32450103759766,67.71820068359375,8707.0
2015-06-15,47.21967315673828,68.21029663085938,68.21029663085938,67.42289733886719,67.42289733886719,12598.0
2015-06-16,47.015316009521484,67.91510009765625,67.91510009765625,67.42289733886719,67.42289733886719,23571.0
2015-06-17,47.015316009521484,67.91510009765625,68.21029663085938,67.91510009765625,67.91510009765625,12192.0
2015-06-18,47.151554107666016,68.11190032958984,68.11190032958984,67.52130126953125,67.91510009765625,27431.0
2015-06-22,47.015316009521484,67.91510009765625,68.60399627685547,67.81659698486328,68.60399627685547,31522.0
2015-06-23,47.287864685058594,68.30879974365234,68.30879974365234,67.91510009765625,68.21029663085938,23774.0
2015-06-24,47.21967315673828,68.21029663085938,68.8009033203125,68.21029663085938,68.4072036743164,31495.0
2015-06-25,47.6285285949707,68.8009033203125,68.8009033203125,68.21029663085938,68.21029663085938,14325.0
2015-06-26,47.35598373413086,68.4072036743164,68.50559997558594,68.4072036743164,68.4072036743164,21335.0
2015-06-29,47.151554107666016,68.11190032958984,68.21029663085938,67.81659698486328,68.21029663085938,56062.0
2015-06-30,47.015316009521484,67.91510009765625,68.11190032958984,67.52130126953125,67.61979675292969,39714.0
2015-07-01,47.015316009521484,67.91510009765625,68.70249938964844,67.71820068359375,67.71820068359375,36575.0
2015-07-02,47.35598373413086,68.4072036743164,68.4072036743164,67.91510009765625,67.91510009765625,19304.0
2015-07-03,47.151554107666016,68.11190032958984,68.4072036743164,68.01349639892578,68.4072036743164,62178.0
2015-07-06,47.015316009521484,67.91510009765625,68.4072036743164,67.91510009765625,68.11190032958984,84326.0
2015-07-07,46.87900924682617,67.71820068359375,68.30879974365234,67.52130126953125,68.21029663085938,129334.0
2015-07-08,42.926998138427734,62.0093994140625,67.91510009765625,66.93080139160156,67.91510009765625,185883.0
2015-07-09,47.43456268310547,62.99369812011719,63.87950134277344,62.0093994140625,63.87950134277344,164803.0
2015-07-10,47.43456268310547,62.99369812011719,62.99369812011719,62.99369812011719,62.99369812011719,0.0
2015-07-13,48.472198486328125,64.37169647216797,65.94650268554688,63.87950134277344,65.94650268554688,71223.0
2015-07-14,48.620391845703125,64.56849670410156,65.45439910888672,64.56849670410156,65.15910339355469,37997.0
2015-07-15,48.620391845703125,64.56849670410156,64.7654037475586,64.07640075683594,64.56849670410156,22798.0
2015-07-16,48.323936462402344,64.17479705810547,64.96219635009766,64.17479705810547,64.7654037475586,17402.0
2015-07-17,47.87921142578125,63.58420181274414,64.17479705810547,63.19049835205078,64.17479705810547,21833.0
2015-07-20,47.656925201416016,63.28900146484375,64.56849670410156,63.19049835205078,63.19049835205078,29890.0
2015-07-21,47.805118560791016,63.485801696777344,63.485801696777344,63.28900146484375,63.28900146484375,16459.0
2015-07-22,47.731021881103516,63.38740158081055,63.485801696777344,63.19049835205078,63.38740158081055,11176.0
2015-07-23,46.69337463378906,62.0093994140625,63.97800064086914,62.0093994140625,63.38740158081055,110905.0
2015-07-24,46.32282257080078,61.51729965209961,62.0093994140625,61.51729965209961,62.0093994140625,32674.0
2015-07-27,45.285186767578125,60.13930130004883,61.51729965209961,60.04090118408203,61.51729965209961,76300.0
2015-07-28,45.655738830566406,60.63140106201172,61.615699768066406,60.13930130004883,60.13930130004883,87455.0
2015-07-29,45.655738830566406,60.63140106201172,60.63140106201172,60.13930130004883,60.63140106201172,34574.0
2015-07-30,45.655738830566406,60.63140106201172,61.02510070800781,60.63140106201172,60.63140106201172,23764.0
2015-07-31,45.80400466918945,60.82830047607422,60.82830047607422,60.82830047607422,60.82830047607422,1016.0
2015-08-03,45.80400466918945,60.82830047607422,61.02510070800781,60.82830047607422,61.02510070800781,9550.0
2015-08-04,45.285186767578125,60.13930130004883,61.02510070800781,60.13930130004883,61.02510070800781,21579.0
2015-08-05,44.840457916259766,59.54869842529297,60.04090118408203,57.186500549316406,59.154998779296875,26419.0
2015-08-06,45.285186767578125,60.13930130004883,60.13930130004883,60.04090118408203,60.04090118408203,19550.0
2015-08-07,45.359283447265625,60.237701416015625,60.33610153198242,59.745601654052734,60.13930130004883,39623.0
2015-08-10,45.87810134887695,60.926700592041016,61.02510070800781,60.926700592041016,61.02510070800781,23939.0
2015-08-11,46.32282257080078,61.51729965209961,61.615699768066406,60.926700592041016,61.02510070800781,30682.0
2015-08-12,45.062828063964844,59.84400177001953,61.9109992980957,59.84400177001953,61.02510070800781,41655.0
2015-08-13,45.211090087890625,60.04090118408203,60.13930130004883,59.84400177001953,59.84400177001953,56925.0
2015-08-14,45.433380126953125,60.33610153198242,60.33610153198242,59.647098541259766,60.04090118408203,15645.0
2015-08-17,45.062828063964844,59.84400177001953,60.13930130004883,59.84400177001953,60.04090118408203,15976.0
2015-08-18,45.062828063964844,59.84400177001953,60.53300094604492,59.05659866333008,59.745601654052734,20726.0
2015-08-19,44.24754333496094,58.76129913330078,59.54869842529297,58.662899017333984,59.54869842529297,81816.0
2015-08-20,44.98872756958008,59.745601654052734,59.94240188598633,58.76129913330078,58.76129913330078,19589.0
2015-08-21,44.17344665527344,58.662899017333984,59.35179901123047,58.662899017333984,59.35179901123047,55885.0
2015-08-24,42.24635696411133,56.10369873046875,58.662899017333984,54.92259979248047,58.662899017333984,149369.0
2015-08-25,43.35817337036133,57.5802001953125,57.5802001953125,55.61159896850586,56.10369873046875,239841.0
2015-08-26,43.28400421142578,57.4817008972168,57.4817008972168,56.20220184326172,57.4817008972168,50027.0
2015-08-27,44.32164001464844,58.85969924926758,59.05659866333008,58.07229995727539,58.662899017333984,41757.0
2015-08-28,44.17344665527344,58.662899017333984,59.05659866333008,58.36759948730469,59.05659866333008,68314.0
2015-08-31,43.80282211303711,58.17070007324219,58.662899017333984,57.5802001953125,58.662899017333984,31495.0
2015-09-01,43.876914978027344,58.269100189208984,58.662899017333984,58.07229995727539,58.662899017333984,12192.0
2015-09-02,43.72872543334961,58.07229995727539,58.465999603271484,57.87540054321289,58.269100189208984,22351.0
2015-09-03,43.951087951660156,58.36759948730469,58.56439971923828,56.59590148925781,58.269100189208984,30479.0
2015-09-04,43.951087951660156,58.36759948730469,58.958099365234375,58.07229995727539,58.85969924926758,30156.0
2015-09-07,44.469905853271484,59.05659866333008,59.05659866333008,58.465999603271484,58.56439971923828,19507.0
2015-09-08,44.54399871826172,59.154998779296875,59.647098541259766,59.05659866333008,59.05659866333008,58844.0
2015-09-09,45.062828063964844,59.84400177001953,59.94240188598633,59.154998779296875,59.154998779296875,40357.0
2015-09-10,44.840457916259766,59.54869842529297,59.94240188598633,59.154998779296875,59.84400177001953,17679.0
2015-09-11,45.50754928588867,60.434600830078125,60.434600830078125,59.54869842529297,59.54869842529297,22351.0
2015-09-14,45.87810134887695,60.926700592041016,61.02510070800781,60.33610153198242,60.53300094604492,51035.0
2015-09-15,45.95219802856445,61.02510070800781,61.02510070800781,60.13930130004883,60.926700592041016,41655.0
2015-09-16,45.729835510253906,60.729801177978516,61.02510070800781,60.33610153198242,61.02510070800781,31199.0
2015-09-17,45.58164596557617,60.53300094604492,60.82830047607422,60.33610153198242,60.63140106201172,9550.0
2015-09-18,45.80400466918945,60.82830047607422,60.82830047607422,60.237701416015625,60.53300094604492,13368.0
2015-09-21,45.80400466918945,60.82830047607422,61.02510070800781,60.53300094604492,60.82830047607422,24536.0
2015-09-22,45.80400466918945,60.82830047607422,60.926700592041016,60.82830047607422,60.82830047607422,17272.0
2015-09-23,45.50754928588867,60.434600830078125,60.82830047607422,60.33610153198242,60.82830047607422,18085.0
2015-09-24,45.359283447265625,60.237701416015625,61.02510070800781,60.13930130004883,61.02510070800781,10312.0
2015-09-25,45.729835510253906,60.729801177978516,60.729801177978516,60.237701416015625,60.237701416015625,12192.0
2015-09-29,45.729835510253906,60.729801177978516,60.729801177978516,60.729801177978516,60.729801177978516,0.0
2015-09-30,45.50754928588867,60.434600830078125,60.729801177978516,59.84400177001953,60.729801177978516,20320.0
2015-10-01,45.433380126953125,60.33610153198242,60.729801177978516,60.33610153198242,60.729801177978516,15240.0
2015-10-02,45.729835510253906,60.729801177978516,60.82830047607422,60.04090118408203,60.04090118408203,9144.0
2015-10-05,45.655738830566406,60.63140106201172,60.729801177978516,60.53300094604492,60.729801177978516,82904.0
2015-10-06,45.80400466918945,60.82830047607422,61.02510070800781,60.63140106201172,61.02510070800781,19862.0
2015-10-07,45.87810134887695,60.926700592041016,61.02510070800781,60.63140106201172,60.926700592041016,21346.0
2015-10-08,45.655738830566406,60.63140106201172,60.926700592041016,60.04090118408203,60.926700592041016,25469.0
2015-10-12,45.80400466918945,60.82830047607422,60.82830047607422,60.04090118408203,60.63140106201172,14346.0
2015-10-13,45.729835510253906,60.729801177978516,60.926700592041016,60.63140106201172,60.82830047607422,22423.0
2015-10-14,45.655738830566406,60.63140106201172,60.729801177978516,60.63140106201172,60.729801177978516,27770.0
2015-10-15,45.58164596557617,60.53300094604492,60.53300094604492,60.237701416015625,60.237701416015625,13289.0
2015-10-16,46.69337463378906,62.0093994140625,62.0093994140625,60.729801177978516,60.82830047607422,88457.0
2015-10-19,46.54511260986328,61.8125,62.206298828125,61.418800354003906,62.0093994140625,24383.0
2015-10-20,46.174556732177734,61.32040023803711,62.0093994140625,61.123600006103516,61.51729965209961,37720.0
2015-10-21,46.174556732177734,61.32040023803711,62.0093994140625,61.32040023803711,61.51729965209961,10160.0
2015-10-22,46.69337463378906,62.0093994140625,62.0093994140625,61.02510070800781,61.32040023803711,38842.0
2015-10-23,46.98984146118164,62.403099060058594,63.58420181274414,62.1077995300293,62.50149917602539,140284.0
2015-10-26,47.656925201416016,63.28900146484375,63.58420181274414,62.50149917602539,62.895198822021484,64139.0
2015-10-27,47.43456268310547,62.99369812011719,63.485801696777344,62.99369812011719,63.485801696777344,23459.0
2015-10-28,47.21220016479492,62.69839859008789,62.99369812011719,62.50149917602539,62.99369812011719,17373.0
2015-10-29,47.063934326171875,62.50149917602539,62.79679870605469,62.403099060058594,62.79679870605469,13432.0
2015-10-30,46.915740966796875,62.3046989440918,62.50149917602539,62.3046989440918,62.50149917602539,25501.0
2015-11-02,46.76747512817383,62.1077995300293,62.895198822021484,62.1077995300293,62.895198822021484,14701.0
2015-11-03,46.54511260986328,61.8125,62.50149917602539,61.7140998840332,62.1077995300293,36710.0
2015-11-04,46.619285583496094,61.9109992980957,62.0093994140625,61.7140998840332,61.8125,36575.0
2015-11-05,46.39692306518555,61.615699768066406,62.0093994140625,61.615699768066406,62.0093994140625,15443.0
2015-11-06,46.47101593017578,61.7140998840332,62.50149917602539,61.7140998840332,62.50149917602539,14263.0
2015-11-09,46.32282257080078,61.51729965209961,61.7140998840332,61.51729965209961,61.7140998840332,22351.0
2015-11-10,46.32282257080078,61.51729965209961,62.69839859008789,61.51729965209961,61.51729965209961,34771.0
2015-11-11,45.95219802856445,61.02510070800781,61.615699768066406,61.02510070800781,61.51729965209961,20531.0
2015-11-12,46.0263671875,61.123600006103516,61.123600006103516,61.02510070800781,61.123600006103516,26497.0
2015-11-13,46.174556732177734,61.32040023803711,61.32040023803711,60.63140106201172,61.123600006103516,14224.0
2015-11-16,45.433380126953125,60.33610153198242,61.02510070800781,60.237701416015625,60.33610153198242,49905.0
2015-11-17,46.248653411865234,61.418800354003906,61.418800354003906,60.53300094604492,60.53300094604492,45719.0
2015-11-18,46.174556732177734,61.32040023803711,61.418800354003906,60.729801177978516,61.418800354003906,25552.0
2015-11-19,45.80400466918945,60.82830047607422,61.32040023803711,60.82830047607422,61.32040023803711,20806.0
2015-11-20,45.80400466918945,60.82830047607422,60.926700592041016,60.82830047607422,60.926700592041016,2032.0
2015-11-23,45.80400466918945,60.82830047607422,61.02510070800781,60.53300094604492,60.82830047607422,16459.0
2015-11-24,45.433380126953125,60.33610153198242,60.82830047607422,59.45029830932617,59.45029830932617,16013.0
2015-11-25,45.58164596557617,60.53300094604492,60.53300094604492,60.04090118408203,60.33610153198242,18491.0
2015-11-26,45.58164596557617,60.53300094604492,61.02510070800781,60.13930130004883,60.53300094604492,16428.0
2015-11-27,45.359283447265625,60.237701416015625,60.434600830078125,60.04090118408203,60.13930130004883,11452.0
2015-11-30,45.211090087890625,60.04090118408203,60.237701416015625,60.04090118408203,60.04090118408203,21335.0
2015-12-01,45.062828063964844,59.84400177001953,60.04090118408203,59.745601654052734,60.04090118408203,16699.0
2015-12-02,45.062828063964844,59.84400177001953,60.04090118408203,59.647098541259766,59.84400177001953,8271.0
2015-12-03,45.50754928588867,60.434600830078125,60.53300094604492,59.84400177001953,59.84400177001953,14224.0
2015-12-04,45.433380126953125,60.33610153198242,60.33610153198242,60.04090118408203,60.33610153198242,8128.0
2015-12-07,45.433380126953125,60.33610153198242,60.53300094604492,60.33610153198242,60.33610153198242,22282.0
2015-12-08,45.95219802856445,61.02510070800781,61.22200012207031,60.33610153198242,60.33610153198242,19608.0
2015-12-09,45.211090087890625,60.04090118408203,60.82830047607422,59.745601654052734,60.82830047607422,14224.0
2015-12-10,45.211090087890625,60.04090118408203,60.04090118408203,59.54869842529297,60.04090118408203,25399.0
2015-12-11,45.211090087890625,60.04090118408203,60.04090118408203,59.25339889526367,59.647098541259766,35559.0
2015-12-14,44.91455078125,59.647098541259766,60.04090118408203,59.54869842529297,59.54869842529297,13208.0
2015-12-15,44.91455078125,59.647098541259766,59.647098541259766,59.647098541259766,59.647098541259766,2057.0
2015-12-16,44.91455078125,59.647098541259766,59.84400177001953,59.25339889526367,59.25339889526367,9712.0
2015-12-17,45.211090087890625,60.04090118408203,60.729801177978516,59.647098541259766,60.729801177978516,10261.0
2015-12-18,45.433380126953125,60.33610153198242,60.53300094604492,59.647098541259766,60.53300094604492,7112.0
2015-12-21,45.50754928588867,60.434600830078125,60.434600830078125,59.84400177001953,60.33610153198242,15790.0
2015-12-22,45.87810134887695,60.926700592041016,61.02510070800781,60.04090118408203,60.729801177978516,21661.0
2015-12-23,45.433380126953125,60.33610153198242,60.82830047607422,60.33610153198242,60.729801177978516,12547.0
2015-12-24,45.433380126953125,60.33610153198242,60.53300094604492,60.04090118408203,60.04090118408203,5080.0
2015-12-25,45.729835510253906,60.729801177978516,60.729801177978516,59.84400177001953,59.94240188598633,11176.0
2015-12-28,45.80400466918945,60.82830047607422,60.82830047607422,60.04090118408203,60.04090118408203,3048.0
2015-12-29,45.95219802856445,61.02510070800781,61.123600006103516,60.237701416015625,61.02510070800781,44703.0
2015-12-30,45.87810134887695,60.926700592041016,61.418800354003906,60.53300094604492,61.418800354003906,17475.0
2015-12-31,45.58164596557617,60.53300094604492,60.926700592041016,60.53300094604492,60.926700592041016,9276.0
2016-01-04,45.58164596557617,60.53300094604492,60.53300094604492,60.13930130004883,60.53300094604492,10160.0
2016-01-05,45.58164596557617,60.53300094604492,60.53300094604492,60.04090118408203,60.53300094604492,11176.0
2016-01-06,45.285186767578125,60.13930130004883,61.02510070800781,60.13930130004883,60.53300094604492,13269.0
2016-01-07,44.98872756958008,59.745601654052734,60.13930130004883,58.465999603271484,60.13930130004883,66038.0
2016-01-08,45.062828063964844,59.84400177001953,60.53300094604492,59.745601654052734,59.745601654052734,17282.0
2016-01-11,45.062828063964844,59.84400177001953,59.84400177001953,59.54869842529297,59.84400177001953,5689.0
2016-01-12,45.062828063964844,59.84400177001953,60.434600830078125,59.54869842529297,60.33610153198242,37591.0
2016-01-13,45.062828063964844,59.84400177001953,60.04090118408203,59.745601654052734,59.84400177001953,17475.0
2016-01-14,44.69219207763672,59.35179901123047,59.84400177001953,59.25339889526367,59.745601654052734,43948.0
2016-01-15,44.766361236572266,59.45029830932617,59.647098541259766,59.35179901123047,59.35179901123047,21455.0
2016-01-18,44.618099212646484,59.25339889526367,59.84400177001953,58.85969924926758,59.05659866333008,49376.0
2016-01-19,44.69219207763672,59.35179901123047,59.94240188598633,59.35179901123047,59.94240188598633,3312.0
2016-01-20,44.766361236572266,59.45029830932617,59.84400177001953,59.25339889526367,59.35179901123047,51815.0
2016-01-21,44.840457916259766,59.54869842529297,61.615699768066406,59.45029830932617,61.615699768066406,14355.0
2016-01-22,44.91455078125,59.647098541259766,60.04090118408203,59.54869842529297,59.54869842529297,13483.0
2016-01-25,45.13692092895508,59.94240188598633,60.13930130004883,59.745601654052734,59.745601654052734,11176.0
2016-01-26,45.285186767578125,60.13930130004883,60.13930130004883,59.94240188598633,59.94240188598633,15290.0
2016-01-27,45.433380126953125,60.33610153198242,60.33610153198242,60.237701416015625,60.33610153198242,27457.0
2016-01-28,45.655738830566406,60.63140106201172,60.729801177978516,60.434600830078125,60.434600830078125,18389.0
2016-01-29,45.87810134887695,60.926700592041016,60.926700592041016,60.53300094604492,60.82830047607422,16298.0
2016-02-01,45.80400466918945,60.82830047607422,61.02510070800781,60.63140106201172,61.02510070800781,8625.0
2016-02-02,45.655738830566406,60.63140106201172,61.02510070800781,60.53300094604492,60.63140106201172,18371.0
2016-02-03,45.655738830566406,60.63140106201172,60.729801177978516,60.53300094604492,60.53300094604492,12208.0
2016-02-15,46.1004638671875,61.22200012207031,61.7140998840332,61.02510070800781,61.02510070800781,38607.0
2016-02-16,46.32282257080078,61.51729965209961,62.1077995300293,61.22200012207031,61.51729965209961,29524.0
2016-02-17,46.69337463378906,62.0093994140625,62.1077995300293,61.51729965209961,61.7140998840332,19304.0
2016-02-18,46.69337463378906,62.0093994140625,62.0093994140625,61.7140998840332,62.0093994140625,13411.0
2016-02-19,46.69337463378906,62.0093994140625,62.1077995300293,61.7140998840332,62.1077995300293,22351.0
2016-02-22,46.98984146118164,62.403099060058594,62.50149917602539,62.0093994140625,62.0093994140625,31749.0
2016-02-23,47.43456268310547,62.99369812011719,62.99369812011719,62.403099060058594,62.403099060058594,59943.0
2016-02-24,47.28629684448242,62.79679870605469,63.28900146484375,62.69839859008789,63.092098236083984,63194.0
2016-02-25,47.5827522277832,63.19049835205078,63.19049835205078,62.99369812011719,62.99369812011719,35661.0
2016-02-26,47.731021881103516,63.38740158081055,63.38740158081055,62.99369812011719,63.19049835205078,25521.0
2016-03-01,48.0274772644043,63.78110122680664,63.78110122680664,63.19049835205078,63.485801696777344,39654.0
2016-03-02,48.0274772644043,63.78110122680664,64.86380004882812,63.78110122680664,64.37169647216797,101699.0
2016-03-03,48.0274772644043,63.78110122680664,63.97800064086914,63.58420181274414,63.97800064086914,26599.0
2016-03-04,48.175743103027344,63.97800064086914,64.37169647216797,63.58420181274414,63.58420181274414,15463.0
2016-03-07,48.0274772644043,63.78110122680664,63.97800064086914,63.28900146484375,63.97800064086914,41738.0
2016-03-08,48.175743103027344,63.97800064086914,63.97800064086914,63.78110122680664,63.78110122680664,28752.0
2016-03-09,48.249839782714844,64.07640075683594,64.17479705810547,63.97800064086914,64.17479705810547,28499.0
2016-03-10,48.0274772644043,63.78110122680664,64.07640075683594,63.78110122680664,64.07640075683594,22616.0
2016-03-11,48.175743103027344,63.97800064086914,63.97800064086914,63.58420181274414,63.97800064086914,20523.0
2016-03-14,48.175743103027344,63.97800064086914,64.17479705810547,63.682701110839844,64.17479705810547,46206.0
2016-03-15,48.175743103027344,63.97800064086914,64.17479705810547,63.682701110839844,63.97800064086914,29260.0
2016-03-16,48.249839782714844,64.07640075683594,64.07640075683594,63.87950134277344,63.97800064086914,30601.0
2016-03-17,48.175743103027344,63.97800064086914,64.17479705810547,63.97800064086914,64.07640075683594,27079.0
2016-03-18,48.249839782714844,64.07640075683594,64.07640075683594,63.87950134277344,64.07640075683594,24566.0
2016-03-21,48.323936462402344,64.17479705810547,64.17479705810547,64.07640075683594,64.07640075683594,19691.0
2016-03-22,48.323936462402344,64.17479705810547,64.47010040283203,64.07640075683594,64.17479705810547,8288.0
2016-03-23,48.39802932739258,64.27320098876953,64.66690063476562,64.27320098876953,64.66690063476562,17902.0
2016-03-24,48.175743103027344,63.97800064086914,64.27320098876953,63.97800064086914,64.27320098876953,30479.0
2016-03-25,48.175743103027344,63.97800064086914,64.47010040283203,63.97800064086914,64.37169647216797,24383.0
2016-03-28,48.175743103027344,63.97800064086914,64.07640075683594,63.97800064086914,63.97800064086914,12344.0
2016-03-29,47.731021881103516,63.38740158081055,63.97800064086914,62.99369812011719,63.485801696777344,62279.0
2016-03-30,47.656925201416016,63.28900146484375,63.87950134277344,61.51729965209961,62.99369812011719,48275.0
2016-03-31,47.28629684448242,62.79679870605469,62.99369812011719,62.79679870605469,62.99369812011719,21336.0
2016-04-01,47.28629684448242,62.79679870605469,63.485801696777344,62.79679870605469,62.79679870605469,18769.0
2016-04-06,46.915740966796875,62.3046989440918,62.79679870605469,61.8125,62.79679870605469,24383.0
2016-04-07,47.28629684448242,62.79679870605469,62.99369812011719,62.206298828125,62.206298828125,25400.0
2016-04-08,47.21220016479492,62.69839859008789,62.895198822021484,62.69839859008789,62.79679870605469,9198.0
2016-04-11,46.76747512817383,62.1077995300293,62.50149917602539,62.0093994140625,62.50149917602539,36224.0
2016-04-12,46.69337463378906,62.0093994140625,62.3046989440918,62.0093994140625,62.206298828125,30073.0
2016-04-13,47.063934326171875,62.50149917602539,62.79679870605469,62.0093994140625,62.0093994140625,19307.0
2016-04-14,46.69337463378906,62.0093994140625,62.50149917602539,61.9109992980957,62.50149917602539,44703.0
2016-04-15,46.32282257080078,61.51729965209961,62.1077995300293,61.51729965209961,62.1077995300293,41861.0
2016-04-18,46.54511260986328,61.8125,62.0093994140625,61.51729965209961,61.51729965209961,18288.0
2016-04-19,46.32282257080078,61.51729965209961,61.8125,61.418800354003906,61.8125,16256.0
2016-04-20,46.248653411865234,61.418800354003906,61.615699768066406,61.418800354003906,61.51729965209961,19706.0
2016-04-21,46.84164810180664,62.206298828125,62.206298828125,60.729801177978516,61.02510070800781,24433.0
2016-04-22,46.619285583496094,61.9109992980957,62.0093994140625,61.9109992980957,62.0093994140625,4064.0
2016-04-25,46.54511260986328,61.8125,61.9109992980957,61.51729965209961,61.9109992980957,14326.0
2016-04-26,46.39692306518555,61.615699768066406,61.9109992980957,61.51729965209961,61.9109992980957,15350.0
2016-04-27,46.47101593017578,61.7140998840332,62.0093994140625,61.51729965209961,61.8125,37698.0
2016-04-28,46.47101593017578,61.7140998840332,61.7140998840332,61.51729965209961,61.51729965209961,7213.0
2016-04-29,46.0263671875,61.123600006103516,61.51729965209961,61.02510070800781,61.22200012207031,33527.0
2016-05-03,46.32282257080078,61.51729965209961,61.9109992980957,61.123600006103516,61.123600006103516,20320.0
2016-05-04,45.13692092895508,59.94240188598633,61.123600006103516,59.94240188598633,61.123600006103516,92654.0
2016-05-05,45.433380126953125,60.33610153198242,60.434600830078125,60.04090118408203,60.434600830078125,15480.0
2016-05-06,43.43227005004883,57.6786003112793,59.54869842529297,57.0880012512207,59.54869842529297,282745.0
2016-05-09,43.72872543334961,58.07229995727539,58.07229995727539,57.2849006652832,57.38330078125,85060.0
2016-05-10,43.72872543334961,58.07229995727539,58.269100189208984,58.07229995727539,58.07229995727539,29920.0
2016-05-11,43.43227005004883,57.6786003112793,58.269100189208984,57.5802001953125,58.17070007324219,63523.0
2016-05-12,43.28400421142578,57.4817008972168,57.6786003112793,57.4817008972168,57.6786003112793,67054.0
2016-05-13,43.06171417236328,57.186500549316406,57.5802001953125,56.989601135253906,57.4817008972168,58266.0
2016-05-16,42.76517868041992,56.792701721191406,57.186500549316406,56.30059814453125,57.186500549316406,52497.0
2016-05-17,42.98754119873047,57.0880012512207,57.186500549316406,56.792701721191406,56.792701721191406,44979.0
2016-05-18,42.98754119873047,57.0880012512207,57.0880012512207,56.59590148925781,56.59590148925781,35813.0
2016-05-19,43.43227005004883,57.6786003112793,57.6786003112793,56.792701721191406,56.89120101928711,20666.0
2016-05-20,43.209903717041016,57.38330078125,57.87540054321289,57.38330078125,57.4817008972168,35559.0
2016-05-23,43.209903717041016,57.38330078125,58.07229995727539,57.2849006652832,57.2849006652832,25550.0
2016-05-24,42.98754119873047,57.0880012512207,57.38330078125,56.989601135253906,57.38330078125,43687.0
2016-05-25,43.13581085205078,57.2849006652832,57.6786003112793,57.2849006652832,57.5802001953125,27822.0
2016-05-26,43.28400421142578,57.4817008972168,57.5802001953125,57.0880012512207,57.38330078125,48681.0
2016-05-27,43.209903717041016,57.38330078125,57.5802001953125,57.186500549316406,57.4817008972168,41655.0
2016-05-30,43.06171417236328,57.186500549316406,57.5802001953125,56.989601135253906,57.5802001953125,94948.0
2016-05-31,42.98754119873047,57.0880012512207,57.2849006652832,56.989601135253906,57.2849006652832,32694.0
2016-06-01,43.13581085205078,57.2849006652832,57.38330078125,57.0880012512207,57.0880012512207,37114.0
2016-06-02,42.98754119873047,57.0880012512207,57.2849006652832,57.0880012512207,57.2849006652832,23621.0
2016-06-03,42.913448333740234,56.989601135253906,57.0880012512207,56.792701721191406,57.0880012512207,54895.0
2016-06-06,42.83934783935547,56.89120101928711,57.0880012512207,56.792701721191406,57.0880012512207,60959.0
2016-06-07,42.83934783935547,56.89120101928711,56.89120101928711,56.89120101928711,56.89120101928711,0.0
2016-06-08,43.43227005004883,57.6786003112793,57.777000427246094,56.89120101928711,56.89120101928711,44703.0
2016-06-13,43.13581085205078,57.2849006652832,57.6786003112793,56.989601135253906,57.6786003112793,42671.0
2016-06-14,43.43227005004883,57.6786003112793,57.777000427246094,57.2849006652832,57.2849006652832,14224.0
2016-06-15,43.35817337036133,57.5802001953125,57.6786003112793,57.4817008972168,57.6786003112793,13919.0
2016-06-16,43.35817337036133,57.5802001953125,57.5802001953125,57.2849006652832,57.5802001953125,14224.0
2016-06-17,43.209903717041016,57.38330078125,57.777000427246094,57.38330078125,57.5802001953125,14224.0
2016-06-20,43.28400421142578,57.4817008972168,57.5802001953125,57.38330078125,57.4817008972168,35359.0
2016-06-21,43.50636291503906,57.777000427246094,58.465999603271484,57.6786003112793,57.87540054321289,85342.0
2016-06-22,43.72872543334961,58.07229995727539,58.07229995727539,57.777000427246094,57.777000427246094,38810.0
2016-06-23,43.951087951660156,58.36759948730469,58.465999603271484,58.07229995727539,58.07229995727539,77976.0
2016-06-24,43.80282211303711,58.17070007324219,58.56439971923828,58.07229995727539,58.56439971923828,101808.0
2016-06-27,43.65462875366211,57.973899841308594,58.07229995727539,57.5802001953125,58.07229995727539,49092.0
2016-06-28,43.58045959472656,57.87540054321289,58.07229995727539,57.5802001953125,58.07229995727539,34543.0
2016-06-29,43.72872543334961,58.07229995727539,58.07229995727539,57.87540054321289,58.07229995727539,63429.0
2016-06-30,43.65462875366211,57.973899841308594,58.07229995727539,57.87540054321289,58.07229995727539,72309.0
2016-07-01,43.72872543334961,58.07229995727539,58.07229995727539,57.87540054321289,57.973899841308594,69289.0
2016-07-04,44.32164001464844,58.85969924926758,58.958099365234375,58.07229995727539,58.07229995727539,97534.0
2016-07-05,44.02518081665039,58.465999603271484,58.85969924926758,58.36759948730469,58.85969924926758,89446.0
2016-07-06,40.764068603515625,54.13520050048828,58.662899017333984,57.87540054321289,58.465999603271484,276615.0
2016-07-07,45.298377990722656,55.709999084472656,56.00529861450195,54.528900146484375,54.62730026245117,138763.0
2016-07-11,45.37847137451172,55.80849838256836,56.10369873046875,55.709999084472656,55.709999084472656,63346.0
2016-07-12,44.8182373046875,55.11949920654297,56.00529861450195,54.92259979248047,55.80849838256836,47761.0
2016-07-13,44.8182373046875,55.11949920654297,55.11949920654297,54.82419967651367,55.11949920654297,91194.0
2016-07-14,45.21836853027344,55.61159896850586,55.906898498535156,55.11949920654297,55.11949920654297,49874.0
2016-07-15,45.37847137451172,55.80849838256836,55.906898498535156,55.41469955444336,55.41469955444336,31495.0
2016-07-18,45.21836853027344,55.61159896850586,55.906898498535156,55.41469955444336,55.80849838256836,45455.0
2016-07-19,45.45848083496094,55.906898498535156,56.00529861450195,55.51319885253906,55.906898498535156,35094.0
2016-07-20,45.45848083496094,55.906898498535156,56.00529861450195,55.80849838256836,55.80849838256836,13746.0
2016-07-21,45.45848083496094,55.906898498535156,56.10369873046875,55.709999084472656,55.906898498535156,77468.0
2016-07-22,45.37847137451172,55.80849838256836,56.00529861450195,55.709999084472656,55.906898498535156,20777.0
2016-07-25,45.37847137451172,55.80849838256836,56.10369873046875,55.51319885253906,56.10369873046875,40893.0
2016-07-26,45.298377990722656,55.709999084472656,56.00529861450195,55.709999084472656,56.00529861450195,27721.0
2016-07-27,44.9782600402832,55.31629943847656,55.906898498535156,55.31629943847656,55.709999084472656,70591.0
2016-07-28,45.13835906982422,55.51319885253906,55.906898498535156,55.31629943847656,55.80849838256836,34543.0
2016-07-29,45.058265686035156,55.41469955444336,55.51319885253906,55.217899322509766,55.51319885253906,18288.0
2016-08-01,45.13835906982422,55.51319885253906,55.906898498535156,55.11949920654297,55.906898498535156,48024.0
2016-08-02,45.058265686035156,55.41469955444336,55.51319885253906,55.217899322509766,55.51319885253906,5443.0
2016-08-03,45.21836853027344,55.61159896850586,55.61159896850586,55.11949920654297,55.217899322509766,28447.0
2016-08-04,45.298377990722656,55.709999084472656,55.709999084472656,55.020999908447266,55.31629943847656,91438.0
2016-08-05,45.21836853027344,55.61159896850586,55.709999084472656,55.31629943847656,55.709999084472656,48825.0
2016-08-08,45.45848083496094,55.906898498535156,56.00529861450195,55.61159896850586,55.709999084472656,58520.0
2016-08-09,45.618499755859375,56.10369873046875,56.497501373291016,56.00529861450195,56.497501373291016,25501.0
2016-08-10,45.69859313964844,56.20220184326172,56.39899826049805,55.906898498535156,56.30059814453125,35051.0
2016-08-11,45.618499755859375,56.10369873046875,56.30059814453125,56.10369873046875,56.20220184326172,26842.0
2016-08-12,45.69859313964844,56.20220184326172,56.30059814453125,56.10369873046875,56.10369873046875,32511.0
2016-08-15,45.618499755859375,56.10369873046875,56.497501373291016,56.10369873046875,56.497501373291016,35466.0
2016-08-16,45.618499755859375,56.10369873046875,56.10369873046875,55.51319885253906,56.10369873046875,19304.0
2016-08-17,45.53848648071289,56.00529861450195,56.00529861450195,55.709999084472656,55.709999084472656,13208.0
2016-08-18,45.37847137451172,55.80849838256836,56.10369873046875,55.61159896850586,56.00529861450195,38810.0
2016-08-19,45.53848648071289,56.00529861450195,56.10369873046875,55.906898498535156,56.10369873046875,23489.0
2016-08-22,45.53848648071289,56.00529861450195,56.10369873046875,55.906898498535156,56.10369873046875,17429.0
2016-08-23,45.618499755859375,56.10369873046875,56.10369873046875,56.00529861450195,56.00529861450195,22351.0
2016-08-24,45.618499755859375,56.10369873046875,56.20220184326172,56.00529861450195,56.20220184326172,27431.0
2016-08-25,45.618499755859375,56.10369873046875,56.20220184326172,56.00529861450195,56.00529861450195,13817.0
2016-08-26,45.618499755859375,56.10369873046875,56.20220184326172,56.00529861450195,56.10369873046875,38634.0
2016-08-29,45.53848648071289,56.00529861450195,56.20220184326172,56.00529861450195,56.20220184326172,14700.0
2016-08-30,45.53848648071289,56.00529861450195,56.10369873046875,56.00529861450195,56.00529861450195,37036.0
2016-08-31,45.618499755859375,56.10369873046875,56.10369873046875,55.906898498535156,56.00529861450195,45800.0
2016-09-01,45.77859878540039,56.30059814453125,56.59590148925781,56.10369873046875,56.10369873046875,37965.0
2016-09-02,45.69859313964844,56.20220184326172,56.497501373291016,56.10369873046875,56.30059814453125,56450.0
2016-09-05,46.01871109008789,56.59590148925781,56.59590148925781,56.30059814453125,56.30059814453125,26416.0
2016-09-06,46.01871109008789,56.59590148925781,56.69430160522461,56.59590148925781,56.59590148925781,25836.0
2016-09-07,46.498939514160156,57.186500549316406,57.973899841308594,56.69430160522461,56.69430160522461,62249.0
2016-09-08,47.21919250488281,58.07229995727539,58.269100189208984,57.38330078125,57.5802001953125,63295.0
2016-09-09,47.379207611083984,58.269100189208984,58.662899017333984,58.07229995727539,58.07229995727539,64144.0
2016-09-12,46.899070739746094,57.6786003112793,57.777000427246094,57.5802001953125,57.6786003112793,25521.0
2016-09-13,46.73897171020508,57.4817008972168,57.777000427246094,57.4817008972168,57.6786003112793,37022.0
2016-09-14,46.498939514160156,57.186500549316406,57.4817008972168,57.186500549316406,57.4817008972168,30479.0
2016-09-19,46.578948974609375,57.2849006652832,57.5802001953125,57.186500549316406,57.186500549316406,25621.0
2016-09-20,46.578948974609375,57.2849006652832,57.6786003112793,57.186500549316406,57.2849006652832,44754.0
2016-09-21,46.498939514160156,57.186500549316406,57.38330078125,57.186500549316406,57.2849006652832,17830.0
2016-09-22,46.819061279296875,57.5802001953125,57.6786003112793,57.186500549316406,57.2849006652832,64006.0
2016-09-23,47.29920196533203,58.17070007324219,58.56439971923828,57.6786003112793,57.6786003112793,70205.0
2016-09-26,46.819061279296875,57.5802001953125,58.269100189208984,57.5802001953125,58.269100189208984,52353.0
2016-09-27,46.819061279296875,57.5802001953125,57.5802001953125,57.5802001953125,57.5802001953125,0.0
2016-09-28,46.819061279296875,57.5802001953125,57.5802001953125,57.5802001953125,57.5802001953125,0.0
2016-09-29,46.819061279296875,57.5802001953125,57.777000427246094,57.38330078125,57.777000427246094,22608.0
2016-09-30,46.819061279296875,57.5802001953125,57.5802001953125,57.38330078125,57.38330078125,19372.0
2016-10-03,46.658958435058594,57.38330078125,57.5802001953125,57.38330078125,57.5802001953125,25420.0
2016-10-04,46.73897171020508,57.4817008972168,57.5802001953125,57.38330078125,57.5802001953125,29300.0
2016-10-05,46.819061279296875,57.5802001953125,57.5802001953125,57.4817008972168,57.5802001953125,26415.0
2016-10-06,46.899070739746094,57.6786003112793,57.6786003112793,57.38330078125,57.4817008972168,14038.0
2016-10-07,46.73897171020508,57.4817008972168,57.5802001953125,57.38330078125,57.5802001953125,10515.0
2016-10-11,46.899070739746094,57.6786003112793,57.777000427246094,57.2849006652832,57.777000427246094,30479.0
2016-10-12,46.819061279296875,57.5802001953125,57.5802001953125,57.2849006652832,57.5802001953125,20810.0
2016-10-13,46.658958435058594,57.38330078125,57.777000427246094,57.38330078125,57.5802001953125,11176.0
2016-10-14,46.658958435058594,57.38330078125,58.07229995727539,57.2849006652832,57.5802001953125,35569.0
2016-10-17,46.658958435058594,57.38330078125,57.38330078125,56.69430160522461,57.2849006652832,54253.0
2016-10-18,46.899070739746094,57.6786003112793,57.6786003112793,57.186500549316406,57.38330078125,12242.0
2016-10-19,46.899070739746094,57.6786003112793,57.87540054321289,57.5802001953125,57.87540054321289,44703.0
2016-10-20,46.97908020019531,57.777000427246094,57.87540054321289,57.6786003112793,57.6786003112793,30479.0
2016-10-21,46.899070739746094,57.6786003112793,57.777000427246094,57.6786003112793,57.777000427246094,12468.0
2016-10-24,46.899070739746094,57.6786003112793,57.973899841308594,57.6786003112793,57.6786003112793,13208.0
2016-10-25,46.819061279296875,57.5802001953125,57.87540054321289,57.5802001953125,57.777000427246094,8128.0
2016-10-26,46.418846130371094,57.0880012512207,57.777000427246094,57.0880012512207,57.777000427246094,27935.0
2016-10-27,46.498939514160156,57.186500549316406,57.2849006652832,57.0880012512207,57.0880012512207,12192.0
2016-10-28,46.899070739746094,57.6786003112793,57.777000427246094,57.5802001953125,57.5802001953125,12192.0
2016-10-31,46.658958435058594,57.38330078125,57.4817008972168,57.38330078125,57.4817008972168,2032.0
2016-11-01,46.498939514160156,57.186500549316406,57.38330078125,57.0880012512207,57.38330078125,19266.0
2016-11-02,46.338836669921875,56.989601135253906,57.2849006652832,56.89120101928711,56.89120101928711,11684.0
2016-11-03,46.01871109008789,56.59590148925781,56.989601135253906,56.30059814453125,56.989601135253906,54964.0
2016-11-04,45.858612060546875,56.39899826049805,56.59590148925781,56.20220184326172,56.30059814453125,29900.0
2016-11-07,46.819061279296875,57.5802001953125,57.5802001953125,56.792701721191406,56.792701721191406,34696.0
2016-11-08,46.97908020019531,57.777000427246094,58.07229995727539,57.5802001953125,57.87540054321289,71189.0
2016-11-09,46.418846130371094,57.0880012512207,58.07229995727539,56.69430160522461,58.07229995727539,52915.0
2016-11-10,47.779422760009766,58.76129913330078,59.35179901123047,57.5802001953125,57.5802001953125,164944.0
2016-11-11,48.09954071044922,59.154998779296875,59.154998779296875,58.17070007324219,58.76129913330078,97127.0
2016-11-14,47.9394416809082,58.958099365234375,59.54869842529297,58.662899017333984,59.154998779296875,63258.0
2016-11-15,47.779422760009766,58.76129913330078,59.05659866333008,58.662899017333984,58.958099365234375,28600.0
2016-11-16,47.859432220458984,58.85969924926758,59.05659866333008,58.76129913330078,58.76129913330078,26495.0
2016-11-17,47.9394416809082,58.958099365234375,58.958099365234375,58.56439971923828,58.85969924926758,15280.0
2016-11-18,48.01953125,59.05659866333008,59.05659866333008,58.662899017333984,59.05659866333008,28091.0
2016-11-21,47.9394416809082,58.958099365234375,59.25339889526367,58.76129913330078,59.154998779296875,33629.0
2016-11-22,48.1795539855957,59.25339889526367,59.25339889526367,59.05659866333008,59.05659866333008,39760.0
2016-11-23,48.1795539855957,59.25339889526367,59.54869842529297,59.25339889526367,59.25339889526367,47114.0
2016-11-24,48.01953125,59.05659866333008,59.45029830932617,59.05659866333008,59.25339889526367,32563.0
2016-11-25,48.1795539855957,59.25339889526367,59.35179901123047,59.05659866333008,59.05659866333008,44906.0
2016-11-28,48.73979187011719,59.94240188598633,59.94240188598633,59.25339889526367,59.25339889526367,64136.0
2016-11-29,49.38003158569336,60.729801177978516,60.729801177978516,60.04090118408203,60.04090118408203,106423.0
2016-11-30,50.02035140991211,61.51729965209961,61.51729965209961,60.82830047607422,61.51729965209961,88371.0
2016-12-01,49.700233459472656,61.123600006103516,61.51729965209961,61.02510070800781,61.418800354003906,45923.0
2016-12-02,48.97990036010742,60.237701416015625,60.82830047607422,60.237701416015625,60.82830047607422,33578.0
2016-12-05,49.22001266479492,60.53300094604492,60.53300094604492,60.04090118408203,60.237701416015625,39013.0
2016-12-06,49.700233459472656,61.123600006103516,61.22200012207031,60.82830047607422,61.02510070800781,71630.0
2016-12-07,49.460121154785156,60.82830047607422,61.02510070800781,60.729801177978516,61.02510070800781,46115.0
2016-12-08,49.62014389038086,61.02510070800781,61.02510070800781,60.729801177978516,60.82830047607422,40055.0
2016-12-09,49.540130615234375,60.926700592041016,60.926700592041016,60.53300094604492,60.63140106201172,43618.0
2016-12-12,49.059913635253906,60.33610153198242,60.82830047607422,60.13930130004883,60.13930130004883,113789.0
2016-12-13,49.38003158569336,60.729801177978516,60.729801177978516,60.33610153198242,60.434600830078125,34635.0
2016-12-14,49.460121154785156,60.82830047607422,60.82830047607422,60.434600830078125,60.63140106201172,19736.0
2016-12-15,49.30002212524414,60.63140106201172,60.63140106201172,60.33610153198242,60.434600830078125,31495.0
2016-12-16,49.059913635253906,60.33610153198242,60.434600830078125,60.33610153198242,60.434600830078125,19326.0
2016-12-19,49.059913635253906,60.33610153198242,60.33610153198242,60.237701416015625,60.33610153198242,24536.0
2016-12-20,48.97990036010742,60.237701416015625,60.33610153198242,60.237701416015625,60.33610153198242,11456.0
2016-12-21,48.8998908996582,60.13930130004883,60.13930130004883,60.13930130004883,60.13930130004883,10468.0
2016-12-22,48.8998908996582,60.13930130004883,60.729801177978516,60.04090118408203,60.729801177978516,9144.0
2016-12-23,48.65978240966797,59.84400177001953,60.33610153198242,59.84400177001953,60.33610153198242,10363.0
2016-12-26,48.73979187011719,59.94240188598633,60.237701416015625,59.94240188598633,60.13930130004883,23672.0
2016-12-27,48.73979187011719,59.94240188598633,60.237701416015625,59.94240188598633,60.04090118408203,26519.0
2016-12-28,48.819881439208984,60.04090118408203,60.434600830078125,59.745601654052734,59.94240188598633,70237.0
2016-12-29,49.22001266479492,60.53300094604492,60.53300094604492,60.13930130004883,60.434600830078125,15412.0
2016-12-30,49.059913635253906,60.33610153198242,60.53300094604492,59.94240188598633,60.53300094604492,36708.0
2017-01-03,49.059913635253906,60.33610153198242,60.82830047607422,60.33610153198242,60.82830047607422,6925.0
2017-01-04,48.819881439208984,60.04090118408203,60.434600830078125,60.04090118408203,60.434600830078125,31495.0
2017-01-05,48.819881439208984,60.04090118408203,60.13930130004883,59.94240188598633,60.04090118408203,23672.0
2017-01-06,48.8998908996582,60.13930130004883,60.729801177978516,60.04090118408203,60.729801177978516,55046.0
2017-01-09,49.22001266479492,60.53300094604492,60.53300094604492,60.237701416015625,60.237701416015625,94587.0
2017-01-10,49.38003158569336,60.729801177978516,60.729801177978516,60.53300094604492,60.53300094604492,59231.0
2017-01-11,49.059913635253906,60.33610153198242,60.82830047607422,60.237701416015625,60.82830047607422,84326.0
2017-01-12,49.30002212524414,60.63140106201172,60.63140106201172,60.33610153198242,60.434600830078125,25542.0
2017-01-13,49.22001266479492,60.53300094604492,60.53300094604492,60.33610153198242,60.53300094604492,15666.0
2017-01-16,48.97990036010742,60.237701416015625,60.237701416015625,60.237701416015625,60.237701416015625,17393.0
2017-01-17,49.059913635253906,60.33610153198242,60.434600830078125,60.13930130004883,60.13930130004883,27228.0
2017-01-18,49.059913635253906,60.33610153198242,60.434600830078125,60.33610153198242,60.33610153198242,19710.0
2017-01-19,49.1400032043457,60.434600830078125,60.434600830078125,60.33610153198242,60.33610153198242,13370.0
2017-01-20,49.1400032043457,60.434600830078125,60.729801177978516,60.237701416015625,60.434600830078125,24383.0
2017-01-23,49.059913635253906,60.33610153198242,60.434600830078125,60.237701416015625,60.33610153198242,47781.0
2017-01-24,49.1400032043457,60.434600830078125,60.434600830078125,60.33610153198242,60.33610153198242,32714.0
2017-02-02,49.22001266479492,60.53300094604492,60.63140106201172,60.434600830078125,60.53300094604492,32613.0
2017-02-03,49.62014389038086,61.02510070800781,61.02510070800781,60.53300094604492,60.53300094604492,57181.0
2017-02-06,49.780242919921875,61.22200012207031,61.32040023803711,61.02510070800781,61.02510070800781,52018.0
2017-02-07,49.780242919921875,61.22200012207031,61.32040023803711,61.02510070800781,61.32040023803711,54070.0
2017-02-08,49.860252380371094,61.32040023803711,61.51729965209961,61.02510070800781,61.32040023803711,29585.0
2017-02-09,49.94026184082031,61.418800354003906,61.51729965209961,61.32040023803711,61.32040023803711,36576.0
2017-02-10,50.100364685058594,61.615699768066406,61.615699768066406,61.123600006103516,61.418800354003906,79551.0
2017-02-13,50.42048263549805,62.0093994140625,62.895198822021484,61.418800354003906,62.895198822021484,61568.0
2017-02-14,50.66059875488281,62.3046989440918,62.403099060058594,62.0093994140625,62.0093994140625,129588.0
2017-02-15,50.50049591064453,62.1077995300293,62.50149917602539,62.0093994140625,62.50149917602539,41736.0
2017-02-16,50.50049591064453,62.1077995300293,62.3046989440918,62.0093994140625,62.1077995300293,58012.0
2017-02-17,50.42048263549805,62.0093994140625,62.1077995300293,61.8125,62.1077995300293,88356.0
2017-02-20,50.66059875488281,62.3046989440918,62.50149917602539,62.206298828125,62.3046989440918,47903.0
2017-02-21,50.580589294433594,62.206298828125,62.50149917602539,62.1077995300293,62.403099060058594,38607.0
2017-02-22,50.42048263549805,62.0093994140625,62.3046989440918,61.9109992980957,62.206298828125,57291.0
2017-02-23,50.340476989746094,61.9109992980957,62.206298828125,61.9109992980957,62.0093994140625,34782.0
2017-02-24,50.340476989746094,61.9109992980957,62.0093994140625,61.8125,62.0093994140625,26923.0
2017-03-01,51.300838470458984,63.092098236083984,63.092098236083984,62.0093994140625,62.0093994140625,143202.0
2017-03-02,50.580589294433594,62.206298828125,63.38740158081055,62.206298828125,63.092098236083984,47466.0
2017-03-03,51.22083282470703,62.99369812011719,63.19049835205078,62.0093994140625,62.0093994140625,135166.0
2017-03-06,51.06072998046875,62.79679870605469,62.79679870605469,62.3046989440918,62.3046989440918,75589.0
2017-03-07,51.54095458984375,63.38740158081055,63.485801696777344,62.50149917602539,62.79679870605469,221626.0
2017-03-08,51.38085174560547,63.19049835205078,63.485801696777344,63.19049835205078,63.485801696777344,37896.0
2017-03-09,51.54095458984375,63.38740158081055,63.58420181274414,63.28900146484375,63.485801696777344,61975.0
2017-03-10,51.54095458984375,63.38740158081055,63.485801696777344,62.99369812011719,63.38740158081055,83377.0
2017-03-13,51.62096405029297,63.485801696777344,63.485801696777344,63.19049835205078,63.485801696777344,16256.0
2017-03-14,51.62096405029297,63.485801696777344,63.485801696777344,63.19049835205078,63.38740158081055,15850.0
2017-03-15,52.021175384521484,63.97800064086914,63.97800064086914,63.28900146484375,63.28900146484375,54092.0
2017-03-16,52.021175384521484,63.97800064086914,64.7654037475586,63.97800064086914,63.97800064086914,61070.0
2017-03-17,52.1011848449707,64.07640075683594,64.17479705810547,63.97800064086914,63.97800064086914,26447.0
2017-03-20,52.18119430541992,64.17479705810547,64.47010040283203,63.97800064086914,64.07640075683594,51994.0
2017-03-21,51.06072998046875,62.79679870605469,63.38740158081055,62.79679870605469,62.79679870605469,340219.0
2017-03-22,51.22083282470703,62.99369812011719,62.99369812011719,62.599998474121094,62.79679870605469,49072.0
2017-03-23,51.38085174560547,63.19049835205078,63.19049835205078,62.79679870605469,62.99369812011719,50952.0
2017-03-24,51.38085174560547,63.19049835205078,63.485801696777344,63.092098236083984,63.092098236083984,35662.0
2017-03-27,51.06072998046875,62.79679870605469,63.19049835205078,62.79679870605469,63.19049835205078,119956.0
2017-03-28,50.90070724487305,62.599998474121094,62.99369812011719,62.599998474121094,62.99369812011719,33549.0
2017-03-29,50.66059875488281,62.3046989440918,62.599998474121094,62.206298828125,62.599998474121094,22351.0
2017-03-30,50.7406120300293,62.403099060058594,62.403099060058594,62.206298828125,62.3046989440918,34326.0
2017-03-31,50.7406120300293,62.403099060058594,62.50149917602539,62.206298828125,62.50149917602539,27587.0
2017-04-05,51.22083282470703,62.99369812011719,63.97800064086914,61.9109992980957,62.1077995300293,40083.0
2017-04-06,50.90070724487305,62.599998474121094,62.99369812011719,62.599998474121094,62.99369812011719,31495.0
2017-04-07,50.7406120300293,62.403099060058594,62.69839859008789,62.1077995300293,62.69839859008789,27726.0
2017-04-10,50.98072052001953,62.69839859008789,62.69839859008789,62.3046989440918,62.599998474121094,55015.0
2017-04-11,51.300838470458984,63.092098236083984,63.58420181274414,63.092098236083984,63.092098236083984,95586.0
2017-04-12,51.140743255615234,62.895198822021484,63.485801696777344,62.599998474121094,63.38740158081055,67054.0
2017-04-13,51.22083282470703,62.99369812011719,63.485801696777344,62.79679870605469,62.895198822021484,23398.0
2017-04-14,50.90070724487305,62.599998474121094,62.99369812011719,62.50149917602539,62.99369812011719,41775.0
2017-04-17,50.7406120300293,62.403099060058594,62.79679870605469,62.3046989440918,62.69839859008789,46738.0
2017-04-18,51.06072998046875,62.79679870605469,62.79679870605469,62.403099060058594,62.403099060058594,18028.0
2017-04-19,51.06072998046875,62.79679870605469,63.092098236083984,62.79679870605469,63.092098236083984,29641.0
2017-04-20,51.22083282470703,62.99369812011719,63.38740158081055,62.895198822021484,63.38740158081055,36690.0
2017-04-21,52.18119430541992,64.17479705810547,64.56849670410156,63.58420181274414,64.37169647216797,174636.0
2017-04-24,51.94108581542969,63.87950134277344,64.37169647216797,63.682701110839844,64.37169647216797,38173.0
2017-04-25,51.94108581542969,63.87950134277344,64.17479705810547,63.87950134277344,64.17479705810547,59130.0
2017-04-26,52.021175384521484,63.97800064086914,64.27320098876953,63.97800064086914,63.97800064086914,61115.0
2017-04-27,52.021175384521484,63.97800064086914,63.97800064086914,63.78110122680664,63.97800064086914,60044.0
2017-04-28,52.021175384521484,63.97800064086914,64.07640075683594,63.97800064086914,63.97800064086914,38608.0
2017-05-02,52.1011848449707,64.07640075683594,64.27320098876953,64.07640075683594,64.17479705810547,33629.0
2017-05-03,52.021175384521484,63.97800064086914,64.07640075683594,63.97800064086914,64.07640075683594,22556.0
2017-05-04,52.021175384521484,63.97800064086914,63.97800064086914,63.78110122680664,63.78110122680664,13316.0
2017-05-05,51.70097351074219,63.58420181274414,63.78110122680664,63.58420181274414,63.78110122680664,12192.0
2017-05-08,51.70097351074219,63.58420181274414,63.78110122680664,63.38740158081055,63.58420181274414,24246.0
2017-05-09,52.1011848449707,64.07640075683594,64.37169647216797,63.97800064086914,63.97800064086914,121917.0
2017-05-10,52.34129333496094,64.37169647216797,64.37169647216797,64.07640075683594,64.27320098876953,74474.0
2017-05-11,52.18119430541992,64.17479705810547,64.56849670410156,64.17479705810547,64.37169647216797,94608.0
2017-05-12,52.1011848449707,64.07640075683594,64.27320098876953,63.97800064086914,63.97800064086914,22165.0
2017-05-15,52.18119430541992,64.17479705810547,64.27320098876953,63.97800064086914,63.97800064086914,60605.0
2017-05-16,52.18119430541992,64.17479705810547,64.27320098876953,64.07640075683594,64.07640075683594,29464.0
2017-05-17,52.18119430541992,64.17479705810547,64.17479705810547,63.78110122680664,64.07640075683594,29463.0
2017-05-18,52.26120376586914,64.27320098876953,64.27320098876953,63.58420181274414,64.17479705810547,20827.0
2017-05-19,52.18119430541992,64.17479705810547,64.37169647216797,63.87950134277344,63.87950134277344,14224.0
2017-05-22,52.26120376586914,64.27320098876953,64.27320098876953,64.17479705810547,64.17479705810547,45109.0
2017-05-23,53.9419059753418,66.34020233154297,66.4385986328125,64.37169647216797,64.37169647216797,168250.0
2017-05-24,53.46168518066406,65.74960327148438,66.4385986328125,65.35590362548828,66.4385986328125,94701.0
2017-05-25,53.301666259765625,65.55280303955078,65.74960327148438,65.45439910888672,65.65119934082031,21644.0
2017-05-26,53.54177474975586,65.84809875488281,66.0448989868164,65.55280303955078,65.55280303955078,71240.0
2017-05-31,53.301666259765625,65.55280303955078,66.34020233154297,65.35590362548828,66.34020233154297,43132.0
2017-06-01,53.221649169921875,65.45439910888672,65.74960327148438,65.35590362548828,65.55280303955078,35559.0
2017-06-02,52.981544494628906,65.15910339355469,65.45439910888672,65.15910339355469,65.45439910888672,42063.0
2017-06-05,53.46168518066406,65.74960327148438,65.74960327148438,65.35590362548828,65.35590362548828,51926.0
2017-06-06,53.54177474975586,65.84809875488281,65.94650268554688,65.74960327148438,65.74960327148438,36793.0
2017-06-07,53.46168518066406,65.74960327148438,65.94650268554688,65.74960327148438,65.84809875488281,19761.0
2017-06-08,53.38167190551758,65.65119934082031,65.65119934082031,65.45439910888672,65.55280303955078,19304.0
2017-06-09,53.54177474975586,65.84809875488281,66.14340209960938,65.74960327148438,65.94650268554688,26923.0
2017-06-12,53.46168518066406,65.74960327148438,65.94650268554688,65.74960327148438,65.84809875488281,16378.0
2017-06-13,53.221649169921875,65.45439910888672,65.94650268554688,65.45439910888672,65.94650268554688,21499.0
2017-06-14,52.581329345703125,64.66690063476562,65.94650268554688,64.56849670410156,65.94650268554688,44926.0
2017-06-15,52.74142837524414,64.86380004882812,64.96219635009766,64.56849670410156,64.66690063476562,21335.0
2017-06-16,52.66142654418945,64.7654037475586,64.96219635009766,64.66690063476562,64.96219635009766,27756.0
2017-06-19,52.74142837524414,64.86380004882812,64.96219635009766,64.7654037475586,64.7654037475586,21552.0
2017-06-20,53.54177474975586,65.84809875488281,65.94650268554688,65.06069946289062,65.06069946289062,36618.0
2017-06-21,53.221649169921875,65.45439910888672,65.84809875488281,65.25749969482422,65.74960327148438,18288.0
2017-06-22,53.141563415527344,65.35590362548828,65.45439910888672,65.15910339355469,65.45439910888672,18389.0
2017-06-23,53.061553955078125,65.25749969482422,65.35590362548828,65.15910339355469,65.35590362548828,26415.0
2017-06-26,53.38167190551758,65.65119934082031,65.94650268554688,64.96219635009766,65.06069946289062,56906.0
2017-06-27,52.981544494628906,65.15910339355469,65.74960327148438,65.06069946289062,65.74960327148438,42865.0
2017-06-28,52.82143783569336,64.96219635009766,65.25749969482422,64.96219635009766,65.25749969482422,66631.0
2017-06-29,52.981544494628906,65.15910339355469,65.15910339355469,64.96219635009766,65.06069946289062,49092.0
2017-06-30,52.981544494628906,65.15910339355469,65.15910339355469,64.96219635009766,65.15910339355469,42671.0
2017-07-03,52.981544494628906,65.15910339355469,65.35590362548828,65.15910339355469,65.15910339355469,85545.0
2017-07-04,53.38167190551758,65.65119934082031,65.65119934082031,65.25749969482422,65.25749969482422,174951.0
2017-07-05,50.02035140991211,61.51729965209961,65.65119934082031,65.15910339355469,65.65119934082031,335589.0
2017-07-06,54.01251983642578,62.1077995300293,62.1077995300293,61.615699768066406,61.7140998840332,148900.0
2017-07-07,54.61170959472656,62.79679870605469,63.19049835205078,62.3046989440918,62.3046989440918,99022.0
2017-07-10,54.61170959472656,62.79679870605469,63.38740158081055,62.79679870605469,62.99369812011719,68497.0
2017-07-11,54.35490036010742,62.50149917602539,62.895198822021484,62.50149917602539,62.895198822021484,27431.0
2017-07-12,54.44055938720703,62.599998474121094,62.599998474121094,62.206298828125,62.206298828125,12192.0
2017-07-13,54.52613830566406,62.69839859008789,63.092098236083984,62.599998474121094,63.092098236083984,20582.0
2017-07-14,54.52613830566406,62.69839859008789,62.79679870605469,62.50149917602539,62.69839859008789,19509.0
2017-07-17,54.44055938720703,62.599998474121094,62.895198822021484,62.3046989440918,62.79679870605469,25736.0
2017-07-18,54.52613830566406,62.69839859008789,62.99369812011719,62.599998474121094,62.99369812011719,20563.0
2017-07-19,54.35490036010742,62.50149917602539,62.69839859008789,62.50149917602539,62.69839859008789,54355.0
2017-07-20,54.52613830566406,62.69839859008789,62.69839859008789,62.50149917602539,62.599998474121094,28489.0
2017-07-21,55.467716217041016,63.78110122680664,63.78110122680664,62.69839859008789,62.99369812011719,77499.0
2017-07-24,55.12533187866211,63.38740158081055,63.87950134277344,63.28900146484375,63.87950134277344,30530.0
2017-07-25,55.03976058959961,63.28900146484375,63.485801696777344,62.50149917602539,63.38740158081055,55919.0
2017-07-26,55.03976058959961,63.28900146484375,63.78110122680664,63.28900146484375,63.78110122680664,40818.0
2017-07-27,55.12533187866211,63.38740158081055,63.485801696777344,63.092098236083984,63.28900146484375,21589.0
2017-07-28,55.03976058959961,63.28900146484375,63.682701110839844,63.092098236083984,63.682701110839844,35727.0
2017-07-31,55.12533187866211,63.38740158081055,63.38740158081055,63.092098236083984,63.19049835205078,21833.0
2017-08-01,54.95409393310547,63.19049835205078,63.19049835205078,62.69839859008789,62.99369812011719,41008.0
2017-08-02,54.8685188293457,63.092098236083984,63.28900146484375,62.99369812011719,63.19049835205078,56478.0
2017-08-03,55.03976058959961,63.28900146484375,63.28900146484375,62.99369812011719,62.99369812011719,57098.0
2017-08-04,54.61170959472656,62.79679870605469,63.28900146484375,62.50149917602539,63.28900146484375,56295.0
2017-08-07,54.61170959472656,62.79679870605469,62.79679870605469,62.599998474121094,62.599998474121094,57301.0
2017-08-08,55.724525451660156,64.07640075683594,64.27320098876953,63.19049835205078,63.19049835205078,170176.0
2017-08-09,55.638954162597656,63.97800064086914,64.07640075683594,63.58420181274414,64.07640075683594,104697.0
2017-08-10,55.29648208618164,63.58420181274414,64.37169647216797,63.58420181274414,63.97800064086914,164588.0
2017-08-11,55.638954162597656,63.97800064086914,64.07640075683594,62.99369812011719,63.19049835205078,87527.0
2017-08-14,55.29648208618164,63.58420181274414,64.07640075683594,63.58420181274414,63.682701110839844,116846.0
2017-08-15,56.238059997558594,64.66690063476562,65.06069946289062,63.97800064086914,63.97800064086914,130604.0
2017-08-16,56.40929412841797,64.86380004882812,65.06069946289062,64.66690063476562,64.7654037475586,91540.0
2017-08-17,56.49486541748047,64.96219635009766,65.06069946289062,64.86380004882812,64.86380004882812,47761.0
2017-08-18,56.32372283935547,64.7654037475586,64.7654037475586,64.66690063476562,64.7654037475586,20571.0
2017-08-21,56.40929412841797,64.86380004882812,64.86380004882812,64.47010040283203,64.7654037475586,35808.0
2017-08-22,56.666107177734375,65.15910339355469,65.15910339355469,64.66690063476562,64.86380004882812,48938.0
2017-08-23,56.751678466796875,65.25749969482422,65.35590362548828,65.06069946289062,65.15910339355469,58013.0
2017-08-24,56.751678466796875,65.25749969482422,65.25749969482422,64.96219635009766,65.25749969482422,28934.0
2017-08-25,56.666107177734375,65.15910339355469,65.25749969482422,64.86380004882812,65.25749969482422,36083.0
2017-08-28,56.40929412841797,64.86380004882812,64.86380004882812,64.47010040283203,64.86380004882812,50209.0
2017-08-29,56.32372283935547,64.7654037475586,64.86380004882812,64.37169647216797,64.86380004882812,41919.0
2017-08-30,56.15248107910156,64.56849670410156,64.96219635009766,64.47010040283203,64.56849670410156,46083.0
2017-08-31,56.40929412841797,64.86380004882812,64.96219635009766,64.07640075683594,64.47010040283203,73456.0
2017-09-01,56.49486541748047,64.96219635009766,65.15910339355469,64.86380004882812,64.86380004882812,42995.0
2017-09-04,56.06690979003906,64.47010040283203,65.06069946289062,64.47010040283203,65.06069946289062,22351.0
2017-09-05,56.49486541748047,64.96219635009766,64.96219635009766,64.56849670410156,64.56849670410156,14524.0
2017-09-06,56.32372283935547,64.7654037475586,64.96219635009766,64.07640075683594,64.7654037475586,68540.0
2017-09-07,56.49486541748047,64.96219635009766,64.96219635009766,64.56849670410156,64.7654037475586,26518.0
2017-09-08,56.32372283935547,64.7654037475586,65.06069946289062,64.7654037475586,64.86380004882812,41880.0
2017-09-11,57.00849151611328,65.55280303955078,66.2417984008789,65.55280303955078,66.0448989868164,130301.0
2017-09-12,57.35087585449219,65.94650268554688,65.94650268554688,65.74960327148438,65.94650268554688,32951.0
2017-09-13,57.35087585449219,65.94650268554688,66.0448989868164,65.74960327148438,65.94650268554688,53015.0
2017-09-14,57.09406280517578,65.65119934082031,65.94650268554688,65.65119934082031,65.94650268554688,16965.0
2017-09-15,56.92291259765625,65.45439910888672,65.65119934082031,65.35590362548828,65.65119934082031,20339.0
2017-09-18,56.49486541748047,64.96219635009766,65.45439910888672,64.96219635009766,65.35590362548828,31277.0
2017-09-19,56.666107177734375,65.15910339355469,65.55280303955078,64.96219635009766,65.06069946289062,78437.0
2017-09-20,56.49486541748047,64.96219635009766,65.06069946289062,64.7654037475586,64.96219635009766,36839.0
2017-09-21,56.837257385253906,65.35590362548828,65.55280303955078,65.06069946289062,65.55280303955078,14346.0
2017-09-22,56.49486541748047,64.96219635009766,65.45439910888672,64.96219635009766,65.35590362548828,43890.0
2017-09-25,56.06690979003906,64.47010040283203,65.25749969482422,63.97800064086914,64.96219635009766,38607.0
2017-09-26,56.06690979003906,64.47010040283203,64.66690063476562,64.07640075683594,64.47010040283203,34543.0
2017-09-27,57.00849151611328,65.55280303955078,65.55280303955078,64.66690063476562,64.7654037475586,55565.0
2017-09-28,57.00849151611328,65.55280303955078,65.55280303955078,65.55280303955078,65.55280303955078,45192.0
2017-09-29,56.92291259765625,65.45439910888672,65.55280303955078,65.45439910888672,65.55280303955078,9144.0
2017-10-02,57.09406280517578,65.65119934082031,65.65119934082031,65.15910339355469,65.15910339355469,30210.0
2017-10-03,57.35087585449219,65.94650268554688,65.94650268554688,65.45439910888672,65.65119934082031,45080.0
2017-10-05,57.265296936035156,65.84809875488281,65.84809875488281,65.35590362548828,65.74960327148438,43895.0
2017-10-06,57.60768127441406,66.2417984008789,67.0291976928711,65.94650268554688,66.53710174560547,207878.0
2017-10-11,58.46368408203125,67.2260971069336,67.52130126953125,66.2417984008789,66.2417984008789,130431.0
2017-10-12,58.549259185791016,67.32450103759766,67.42289733886719,66.93080139160156,67.32450103759766,70718.0
2017-10-13,58.72040939331055,67.52130126953125,67.52130126953125,67.32450103759766,67.42289733886719,55269.0
2017-10-16,58.80606460571289,67.61979675292969,67.61979675292969,67.2260971069336,67.52130126953125,73521.0
2017-10-17,58.378028869628906,67.12760162353516,67.61979675292969,66.93080139160156,67.61979675292969,55636.0
2017-10-18,57.60768127441406,66.2417984008789,66.93080139160156,66.2417984008789,66.93080139160156,51055.0
2017-10-19,58.378028869628906,67.12760162353516,67.32450103759766,66.4385986328125,66.4385986328125,61974.0
2017-10-20,58.035640716552734,66.73390197753906,67.0291976928711,66.635498046875,67.0291976928711,39623.0
2017-10-23,58.035640716552734,66.73390197753906,66.93080139160156,66.4385986328125,66.73390197753906,36778.0
2017-10-24,58.29244613647461,67.0291976928711,67.12760162353516,66.73390197753906,66.93080139160156,53913.0
2017-10-25,58.29244613647461,67.0291976928711,67.12760162353516,66.8323974609375,67.12760162353516,23736.0
2017-10-26,58.206878662109375,66.93080139160156,67.0291976928711,66.8323974609375,67.0291976928711,31597.0
2017-10-27,58.206878662109375,66.93080139160156,67.2260971069336,66.93080139160156,66.93080139160156,41757.0
2017-10-30,58.206878662109375,66.93080139160156,67.91510009765625,66.635498046875,67.61979675292969,95095.0
2017-10-31,57.95006561279297,66.635498046875,67.12760162353516,66.635498046875,66.93080139160156,47852.0
2017-11-01,58.206878662109375,66.93080139160156,66.93080139160156,66.34020233154297,66.93080139160156,49095.0
2017-11-02,58.035640716552734,66.73390197753906,67.0291976928711,66.53710174560547,67.0291976928711,24403.0
2017-11-03,58.121299743652344,66.8323974609375,66.8323974609375,66.4385986328125,66.635498046875,35864.0
2017-11-06,58.29244613647461,67.0291976928711,67.0291976928711,66.93080139160156,66.93080139160156,11793.0
2017-11-07,58.63483428955078,67.42289733886719,67.71820068359375,67.12760162353516,67.2260971069336,84646.0
2017-11-08,59.31959915161133,68.21029663085938,68.30879974365234,67.42289733886719,67.52130126953125,94504.0
2017-11-09,58.97721481323242,67.81659698486328,68.70249938964844,67.81659698486328,68.4072036743164,48889.0
2017-11-10,58.97721481323242,67.81659698486328,67.91510009765625,67.61979675292969,67.81659698486328,25623.0
2017-11-13,58.80606460571289,67.61979675292969,67.81659698486328,67.12760162353516,67.81659698486328,51286.0
2017-11-14,58.63483428955078,67.42289733886719,67.91510009765625,67.32450103759766,67.52130126953125,88084.0
2017-11-15,58.378028869628906,67.12760162353516,67.42289733886719,66.93080139160156,67.42289733886719,45112.0
2017-11-16,58.549259185791016,67.32450103759766,67.32450103759766,66.93080139160156,66.93080139160156,31842.0
2017-11-17,59.14845275878906,68.01349639892578,68.11190032958984,67.32450103759766,67.32450103759766,45016.0
2017-11-20,60.00446319580078,68.997802734375,68.997802734375,68.21029663085938,68.4072036743164,124288.0
2017-11-21,60.34684371948242,69.3915023803711,70.08049774169922,69.1946029663086,69.3915023803711,133373.0
2017-11-22,60.34684371948242,69.3915023803711,70.08049774169922,69.3915023803711,69.88359832763672,44422.0
2017-11-23,59.91879653930664,68.89929962158203,69.48989868164062,68.70249938964844,69.48989868164062,56899.0
2017-11-24,60.00446319580078,68.997802734375,69.88359832763672,68.8009033203125,69.48989868164062,170192.0
2017-11-27,60.00446319580078,68.997802734375,69.09619903564453,68.89929962158203,69.09619903564453,48823.0
2017-11-28,59.83322525024414,68.8009033203125,69.09619903564453,68.70249938964844,69.09619903564453,55229.0
2017-11-29,59.83322525024414,68.8009033203125,69.09619903564453,68.8009033203125,68.89929962158203,29808.0
2017-11-30,59.576412200927734,68.50559997558594,68.70249938964844,68.4072036743164,68.70249938964844,30479.0
2017-12-01,59.23402786254883,68.11190032958984,68.50559997558594,67.0291976928711,68.50559997558594,71434.0
2017-12-04,59.4908447265625,68.4072036743164,68.50559997558594,68.11190032958984,68.21029663085938,28859.0
2017-12-05,58.80606460571289,67.61979675292969,68.30879974365234,67.52130126953125,68.30879974365234,67258.0
2017-12-06,58.29244613647461,67.0291976928711,67.61979675292969,66.93080139160156,67.61979675292969,83242.0
2017-12-07,58.121299743652344,66.8323974609375,67.12760162353516,66.53710174560547,67.0291976928711,115064.0
2017-12-08,58.121299743652344,66.8323974609375,66.8323974609375,66.53710174560547,66.8323974609375,39013.0
2017-12-11,59.4052619934082,68.30879974365234,68.8009033203125,67.71820068359375,67.71820068359375,63397.0
2017-12-12,59.0628776550293,67.91510009765625,68.30879974365234,67.61979675292969,68.30879974365234,18601.0
2017-12-13,59.31959915161133,68.21029663085938,68.30879974365234,67.91510009765625,67.91510009765625,87485.0
2017-12-14,60.090030670166016,69.09619903564453,69.1946029663086,68.70249938964844,68.70249938964844,83413.0
2017-12-15,59.91879653930664,68.89929962158203,69.09619903564453,68.60399627685547,68.997802734375,83462.0
2017-12-18,60.774803161621094,69.88359832763672,69.88359832763672,68.997802734375,68.997802734375,92607.0
2017-12-19,60.689231872558594,69.78520202636719,70.47419738769531,69.78520202636719,70.17890167236328,101344.0
2017-12-20,60.774803161621094,69.88359832763672,70.08049774169922,69.48989868164062,69.78520202636719,41679.0
2017-12-21,60.774803161621094,69.88359832763672,70.08049774169922,69.3915023803711,69.3915023803711,59954.0
2017-12-22,60.774803161621094,69.88359832763672,70.17890167236328,69.58830261230469,70.17890167236328,33629.0
2017-12-25,60.774803161621094,69.88359832763672,70.37570190429688,69.68679809570312,69.88359832763672,38618.0
2017-12-26,60.43241500854492,69.48989868164062,69.88359832763672,69.3915023803711,69.88359832763672,69524.0
2017-12-27,61.031612396240234,70.17890167236328,70.27729797363281,69.58830261230469,69.58830261230469,40683.0
2017-12-28,62.829193115234375,72.24590301513672,72.44270324707031,70.27729797363281,70.27729797363281,164304.0
2017-12-29,62.315574645996094,71.6552963256836,72.24590301513672,71.16320037841797,72.24590301513672,74764.0
2018-01-02,61.71637725830078,70.96630096435547,71.36000061035156,70.47419738769531,71.36000061035156,59130.0
2018-01-03,61.63079833984375,70.8678970336914,71.36000061035156,70.47419738769531,71.36000061035156,43080.0
2018-01-04,61.63079833984375,70.8678970336914,71.064697265625,70.6709976196289,70.8678970336914,60006.0
2018-01-05,61.80195236206055,71.064697265625,71.2615966796875,70.57260131835938,70.6709976196289,54265.0
2018-01-08,61.37399673461914,70.57260131835938,70.8678970336914,70.47419738769531,70.8678970336914,60800.0
2018-01-09,61.545230865478516,70.76950073242188,70.76950073242188,70.57260131835938,70.57260131835938,32511.0
2018-01-10,61.545230865478516,70.76950073242188,70.8678970336914,70.57260131835938,70.8678970336914,27637.0
2018-01-11,61.45956802368164,70.6709976196289,70.6709976196289,70.08049774169922,70.57260131835938,36753.0
2018-01-12,61.37399673461914,70.57260131835938,70.8678970336914,70.57260131835938,70.6709976196289,31851.0
2018-01-15,61.37399673461914,70.57260131835938,70.76950073242188,70.47419738769531,70.47419738769531,14557.0
2018-01-16,61.545230865478516,70.76950073242188,70.76950073242188,70.37570190429688,70.37570190429688,37262.0
2018-01-17,61.2027587890625,70.37570190429688,70.8678970336914,70.37570190429688,70.6709976196289,36778.0
2018-01-18,61.37399673461914,70.57260131835938,70.76950073242188,70.37570190429688,70.37570190429688,44093.0
2018-01-19,61.63079833984375,70.8678970336914,70.8678970336914,70.57260131835938,70.76950073242188,28832.0
2018-01-22,61.88761520385742,71.16320037841797,71.45850372314453,70.8678970336914,70.8678970336914,46024.0
2018-01-23,61.97318649291992,71.2615966796875,71.36000061035156,71.064697265625,71.36000061035156,42672.0
2018-01-24,61.63079833984375,70.8678970336914,71.064697265625,70.8678970336914,70.96630096435547,17617.0
2018-01-25,61.37399673461914,70.57260131835938,70.8678970336914,70.37570190429688,70.8678970336914,31496.0
2018-01-26,61.37399673461914,70.57260131835938,70.57260131835938,70.27729797363281,70.57260131835938,23841.0
2018-01-29,61.288421630859375,70.47419738769531,70.6709976196289,70.47419738769531,70.57260131835938,17898.0
2018-01-30,61.031612396240234,70.17890167236328,70.57260131835938,70.17890167236328,70.37570190429688,34715.0
2018-01-31,61.031612396240234,70.17890167236328,70.17890167236328,69.68679809570312,69.78520202636719,56187.0
2018-02-01,60.9460334777832,70.08049774169922,70.27729797363281,69.88359832763672,69.88359832763672,8183.0
2018-02-02,60.774803161621094,69.88359832763672,70.17890167236328,69.88359832763672,70.08049774169922,13243.0
2018-02-05,60.774803161621094,69.88359832763672,69.88359832763672,68.89929962158203,69.58830261230469,59131.0
2018-02-06,59.0628776550293,67.91510009765625,69.09619903564453,67.52130126953125,69.09619903564453,179452.0
2018-02-07,61.11717987060547,70.27729797363281,70.6709976196289,69.88359832763672,70.47419738769531,183109.0
2018-02-08,60.9460334777832,70.08049774169922,70.57260131835938,69.88359832763672,70.27729797363281,36575.0
2018-02-09,59.747650146484375,68.70249938964844,68.997802734375,68.21029663085938,68.21029663085938,199291.0
2018-02-12,60.689231872558594,69.78520202636719,69.78520202636719,69.09619903564453,69.3915023803711,52374.0
2018-02-21,61.2027587890625,70.37570190429688,70.37570190429688,70.08049774169922,70.37570190429688,41786.0
2018-02-22,62.22999572753906,71.55690002441406,72.04900360107422,70.57260131835938,70.6709976196289,93115.0
2018-02-23,62.14442825317383,71.45850372314453,71.85220336914062,71.45850372314453,71.85220336914062,66343.0
2018-02-26,63.25714874267578,72.73799896240234,73.32859802246094,72.04900360107422,72.04900360107422,146790.0
2018-02-27,63.17157745361328,72.63960266113281,72.93489837646484,72.63960266113281,72.93489837646484,53430.0
2018-03-01,63.17157745361328,72.63960266113281,72.63960266113281,72.34429931640625,72.34429931640625,35772.0
2018-03-02,62.7435302734375,72.14739990234375,72.63960266113281,71.85220336914062,72.63960266113281,48868.0
2018-03-05,62.486812591552734,71.85220336914062,72.14739990234375,71.75370025634766,72.04900360107422,43571.0
2018-03-06,62.22999572753906,71.55690002441406,71.85220336914062,70.8678970336914,71.85220336914062,133133.0
2018-03-07,63.34272384643555,72.8364028930664,74.0176010131836,72.14739990234375,72.44270324707031,396433.0
2018-03-08,63.17157745361328,72.63960266113281,73.8207015991211,72.54119873046875,73.6239013671875,152760.0
2018-03-09,63.77076721191406,73.32859802246094,73.52539825439453,72.8364028930664,73.52539825439453,101821.0
2018-03-12,63.68511199951172,73.2301025390625,73.72229766845703,73.2301025390625,73.6239013671875,70102.0
2018-03-13,63.51396560668945,73.0333023071289,73.52539825439453,73.0333023071289,73.52539825439453,51917.0
2018-03-14,63.42839050292969,72.93489837646484,73.0333023071289,72.8364028930664,73.0333023071289,55277.0
2018-03-15,63.51396560668945,73.0333023071289,73.2301025390625,72.73799896240234,72.93489837646484,44703.0
2018-03-16,63.68511199951172,73.2301025390625,73.32859802246094,73.0333023071289,73.0333023071289,46142.0
2018-03-19,63.856346130371094,73.427001953125,73.52539825439453,73.2301025390625,73.2301025390625,50092.0
2018-03-20,63.94192123413086,73.52539825439453,73.72229766845703,73.427001953125,73.427001953125,50392.0
2018-03-21,64.19873046875,73.8207015991211,74.0176010131836,73.52539825439453,73.72229766845703,79246.0
2018-03-22,64.027587890625,73.6239013671875,73.91909790039062,73.32859802246094,73.8207015991211,57187.0
2018-03-23,63.42839050292969,72.93489837646484,73.32859802246094,72.63960266113281,72.63960266113281,49037.0
2018-03-26,63.42839050292969,72.93489837646484,72.93489837646484,72.63960266113281,72.73799896240234,29132.0
2018-03-27,64.19873046875,73.8207015991211,74.80500030517578,73.72229766845703,74.60810089111328,183794.0
2018-03-28,63.94192123413086,73.52539825439453,73.8207015991211,73.2301025390625,73.8207015991211,45272.0
2018-03-29,63.94192123413086,73.52539825439453,73.72229766845703,73.32859802246094,73.52539825439453,45922.0
2018-03-30,63.77076721191406,73.32859802246094,73.6239013671875,73.32859802246094,73.6239013671875,62163.0
2018-04-02,64.11315155029297,73.72229766845703,73.91909790039062,73.72229766845703,73.8207015991211,14427.0
2018-04-03,64.027587890625,73.6239013671875,73.6239013671875,73.32859802246094,73.32859802246094,21352.0
2018-04-09,64.11315155029297,73.72229766845703,73.72229766845703,73.32859802246094,73.6239013671875,16390.0
2018-04-10,65.4826889038086,75.2970962524414,76.28140258789062,74.60810089111328,74.60810089111328,346710.0
2018-04-11,66.42427062988281,76.37979888916016,76.67510223388672,75.59239959716797,75.78929901123047,213316.0
2018-04-12,66.9378890991211,76.97039794921875,77.75779724121094,76.57669830322266,76.77349853515625,130828.0
2018-04-13,67.5370864868164,77.6594009399414,77.6594009399414,76.57669830322266,76.97039794921875,159333.0
2018-04-16,68.05070495605469,78.25,78.4468002319336,77.26570129394531,77.75779724121094,196018.0
2018-04-17,66.8523178100586,76.87200164794922,79.62789916992188,76.87200164794922,78.93890380859375,334287.0
2018-04-18,67.87947082519531,78.0531005859375,78.0531005859375,76.87200164794922,76.87200164794922,78454.0
2018-04-19,68.05070495605469,78.25,78.34839630126953,77.75779724121094,78.0531005859375,64413.0
2018-04-20,67.87947082519531,78.0531005859375,78.15149688720703,77.56099700927734,78.0531005859375,104196.0
2018-04-23,67.36585235595703,77.4625015258789,78.0531005859375,76.87200164794922,78.0531005859375,65559.0
2018-04-24,66.25312042236328,76.18299865722656,76.87200164794922,75.98609924316406,76.87200164794922,83244.0
2018-04-25,66.16746520996094,76.08450317382812,76.18299865722656,75.69080352783203,76.08450317382812,83036.0
2018-04-26,66.76665496826172,76.77349853515625,77.26570129394531,76.28140258789062,76.28140258789062,95075.0
2018-04-27,67.2802734375,77.36409759521484,77.56099700927734,77.26570129394531,77.26570129394531,66130.0
2018-04-30,67.6226577758789,77.75779724121094,77.75779724121094,76.87200164794922,77.36409759521484,17475.0
2018-05-02,67.6226577758789,77.75779724121094,77.95469665527344,77.16729736328125,77.75779724121094,36976.0
2018-05-03,67.2802734375,77.36409759521484,77.6594009399414,77.36409759521484,77.6594009399414,19710.0
2018-05-04,67.2802734375,77.36409759521484,77.36409759521484,76.77349853515625,76.87200164794922,39928.0
2018-05-07,67.7082290649414,77.856201171875,77.856201171875,77.26570129394531,77.36409759521484,39273.0
2018-05-08,68.64981079101562,78.93890380859375,80.21849822998047,78.84049987792969,78.84049987792969,286541.0
2018-05-09,69.16343688964844,79.52950286865234,80.02169799804688,78.93890380859375,78.93890380859375,110277.0
2018-05-10,70.19058227539062,80.71060180664062,81.59649658203125,79.82479858398438,80.21849822998047,206654.0
2018-05-11,70.01943969726562,80.51380157470703,81.39959716796875,80.51380157470703,80.71060180664062,86345.0
2018-05-14,70.96100616455078,81.59649658203125,81.99019622802734,80.71060180664062,80.71060180664062,148861.0
2018-05-15,70.5330581665039,81.10440063476562,81.89179992675781,81.00589752197266,81.59649658203125,106450.0
2018-05-16,70.4473876953125,81.00589752197266,81.89179992675781,80.90750122070312,80.90750122070312,86449.0
2018-05-17,71.5602035522461,82.2854995727539,82.2854995727539,81.39959716796875,81.39959716796875,147875.0
2018-05-18,71.64578247070312,82.38390350341797,82.67919921875,81.79340362548828,82.67919921875,73353.0
2018-05-21,71.902587890625,82.67919921875,82.67919921875,81.69490051269531,82.67919921875,88753.0
2018-05-22,71.04658508300781,81.69490051269531,82.67919921875,81.20279693603516,82.67919921875,85531.0
2018-05-23,70.5330581665039,81.10440063476562,81.20279693603516,80.80909729003906,81.20279693603516,82548.0
2018-05-24,70.5330581665039,81.10440063476562,81.10440063476562,80.90750122070312,81.10440063476562,26822.0
2018-05-25,70.5330581665039,81.10440063476562,81.49810028076172,81.00589752197266,81.30120086669922,25099.0
2018-05-28,70.6186294555664,81.20279693603516,81.59649658203125,81.00589752197266,81.10440063476562,45117.0
2018-05-29,70.36181640625,80.90750122070312,81.00589752197266,80.71060180664062,81.00589752197266,52005.0
2018-05-30,69.16343688964844,79.52950286865234,80.51380157470703,78.74210357666016,80.51380157470703,133282.0
2018-05-31,69.67705535888672,80.12010192871094,80.31690216064453,79.72640228271484,80.31690216064453,35559.0
2018-06-01,69.67705535888672,80.12010192871094,80.12010192871094,79.72640228271484,79.72640228271484,35703.0
2018-06-04,70.6186294555664,81.20279693603516,81.89179992675781,80.90750122070312,81.89179992675781,69368.0
2018-06-05,70.6186294555664,81.20279693603516,81.79340362548828,81.20279693603516,81.49810028076172,32756.0
2018-06-06,70.7897720336914,81.39959716796875,81.79340362548828,81.00589752197266,81.00589752197266,43977.0
2018-06-07,70.7897720336914,81.39959716796875,81.69490051269531,81.39959716796875,81.69490051269531,50921.0
2018-06-08,70.6186294555664,81.20279693603516,81.69490051269531,81.00589752197266,81.69490051269531,26819.0
2018-06-11,71.30339050292969,81.99019622802734,81.99019622802734,81.59649658203125,81.69490051269531,74483.0
2018-06-12,71.30339050292969,81.99019622802734,81.99019622802734,81.10440063476562,81.79340362548828,56513.0
2018-06-13,70.7897720336914,81.39959716796875,81.99019622802734,81.30120086669922,81.99019622802734,45368.0
2018-06-14,70.87543487548828,81.49810028076172,81.49810028076172,81.20279693603516,81.39959716796875,24559.0
2018-06-15,70.96100616455078,81.59649658203125,81.59649658203125,81.20279693603516,81.49810028076172,33840.0
2018-06-19,71.21782684326172,81.89179992675781,82.4822998046875,81.39959716796875,82.4822998046875,62308.0
2018-06-20,70.70420837402344,81.30120086669922,82.38390350341797,80.80909729003906,82.38390350341797,54078.0
2018-06-21,70.87543487548828,81.49810028076172,82.38390350341797,81.39959716796875,81.79340362548828,96642.0
2018-06-22,71.04658508300781,81.69490051269531,81.69490051269531,81.30120086669922,81.30120086669922,36575.0
2018-06-25,70.96100616455078,81.59649658203125,82.4822998046875,81.39959716796875,82.4822998046875,30720.0
2018-06-26,70.4473876953125,81.00589752197266,81.59649658203125,80.21849822998047,81.49810028076172,96480.0
2018-06-27,70.4473876953125,81.00589752197266,81.20279693603516,80.41539764404297,80.41539764404297,39623.0
2018-06-28,70.10501098632812,80.61219787597656,81.30120086669922,80.21849822998047,81.20279693603516,57951.0
2018-06-29,69.93385314941406,80.41539764404297,80.61219787597656,79.82479858398438,80.31690216064453,164772.0
2018-07-02,70.5330581665039,81.10440063476562,81.30120086669922,80.41539764404297,80.41539764404297,92831.0
2018-07-03,69.93385314941406,80.41539764404297,81.10440063476562,80.41539764404297,81.10440063476562,55300.0
2018-07-04,69.93385314941406,80.41539764404297,80.51380157470703,80.21849822998047,80.21849822998047,95947.0
2018-07-05,66.16746520996094,76.08450317382812,81.20279693603516,80.21849822998047,80.31690216064453,232134.0
2018-07-06,71.06584930419922,76.77349853515625,77.06880187988281,76.47830200195312,76.77349853515625,125278.0
2018-07-09,71.06584930419922,76.77349853515625,76.77349853515625,76.37979888916016,76.37979888916016,59231.0
2018-07-10,70.88367462158203,76.57669830322266,76.77349853515625,76.57669830322266,76.77349853515625,52875.0
2018-07-11,71.15702819824219,76.87200164794922,76.87200164794922,76.47830200195312,76.57669830322266,41696.0
2018-07-12,72.06805419921875,77.856201171875,77.95469665527344,76.67510223388672,77.16729736328125,65226.0
2018-07-13,72.88809967041016,78.74210357666016,78.74210357666016,78.0531005859375,78.0531005859375,45229.0
2018-07-16,72.43257904052734,78.25,79.13580322265625,78.25,78.74210357666016,69324.0
2018-07-17,71.8858871459961,77.6594009399414,78.25,77.56099700927734,78.25,67665.0
2018-07-18,71.97696685791016,77.75779724121094,78.0531005859375,77.26570129394531,77.95469665527344,42398.0
2018-07-19,71.7947998046875,77.56099700927734,77.75779724121094,77.36409759521484,77.75779724121094,27496.0
2018-07-20,71.43036651611328,77.16729736328125,77.6594009399414,76.97039794921875,77.6594009399414,58236.0
2018-07-23,69.88147735595703,75.49400329589844,76.77349853515625,75.49400329589844,76.77349853515625,246315.0
2018-07-24,70.06364440917969,75.69080352783203,75.69080352783203,75.2970962524414,75.49400329589844,69217.0
2018-07-25,70.51924896240234,76.18299865722656,76.28140258789062,75.59239959716797,75.78929901123047,51815.0
2018-07-26,71.24810791015625,76.97039794921875,76.97039794921875,76.57669830322266,76.57669830322266,35661.0
2018-07-27,71.8858871459961,77.6594009399414,77.856201171875,76.97039794921875,76.97039794921875,42773.0
2018-07-30,72.06805419921875,77.856201171875,77.856201171875,77.36409759521484,77.75779724121094,17272.0
2018-07-31,71.97696685791016,77.75779724121094,77.856201171875,77.36409759521484,77.856201171875,16273.0
2018-08-01,71.8858871459961,77.6594009399414,77.75779724121094,77.56099700927734,77.75779724121094,38607.0
2018-08-02,71.24810791015625,76.97039794921875,77.75779724121094,76.77349853515625,77.75779724121094,40741.0
2018-08-03,71.61254119873047,77.36409759521484,77.6594009399414,77.06880187988281,77.06880187988281,25399.0
2018-08-06,72.70582580566406,78.54519653320312,78.74210357666016,76.87200164794922,77.56099700927734,96640.0
2018-08-07,74.71025085449219,80.71060180664062,81.59649658203125,80.41539764404297,81.39959716796875,251585.0
2018-08-08,74.16365051269531,80.12010192871094,81.10440063476562,80.02169799804688,80.71060180664062,78532.0
2018-08-09,73.89029693603516,79.82479858398438,80.02169799804688,79.62789916992188,80.02169799804688,62172.0
2018-08-10,73.61695861816406,79.52950286865234,80.51380157470703,79.52950286865234,80.51380157470703,49874.0
2018-08-13,72.79701232910156,78.6436996459961,79.92320251464844,78.0531005859375,79.52950286865234,89489.0
2018-08-14,74.16365051269531,80.12010192871094,80.31690216064453,78.93890380859375,78.93890380859375,69704.0
2018-08-15,73.98139190673828,79.92320251464844,80.12010192871094,79.23419952392578,80.12010192871094,39725.0
2018-08-16,73.34361267089844,79.23419952392578,79.62789916992188,78.93890380859375,79.03739929199219,58109.0
2018-08-17,73.7992172241211,79.72640228271484,80.12010192871094,79.33270263671875,79.33270263671875,51856.0
2018-08-20,73.7992172241211,79.72640228271484,79.92320251464844,79.33270263671875,79.72640228271484,32714.0
2018-08-21,73.70803833007812,79.62789916992188,79.72640228271484,79.52950286865234,79.62789916992188,42699.0
2018-08-22,73.7992172241211,79.72640228271484,79.82479858398438,79.62789916992188,79.72640228271484,31863.0
2018-08-23,73.52587127685547,79.43109893798828,79.72640228271484,79.33270263671875,79.62789916992188,135531.0
2018-08-24,72.43257904052734,78.25,79.13580322265625,77.6594009399414,79.13580322265625,168262.0
2018-08-27,72.97917938232422,78.84049987792969,78.84049987792969,78.0531005859375,78.25,44948.0
2018-08-28,72.34140014648438,78.15149688720703,78.74210357666016,77.26570129394531,78.15149688720703,232709.0
2018-08-29,71.43036651611328,77.16729736328125,78.15149688720703,77.16729736328125,78.15149688720703,175865.0
2018-08-30,70.79259490966797,76.47830200195312,77.16729736328125,75.78929901123047,77.16729736328125,171017.0
2018-08-31,70.61033630371094,76.28140258789062,76.47830200195312,75.98609924316406,76.47830200195312,45754.0
2018-09-03,70.61033630371094,76.28140258789062,76.77349853515625,76.18299865722656,76.28140258789062,51815.0
2018-09-04,71.15702819824219,76.87200164794922,77.26570129394531,76.87200164794922,77.26570129394531,4064.0
2018-09-05,70.79259490966797,76.47830200195312,76.47830200195312,76.08450317382812,76.47830200195312,32511.0
2018-09-06,70.701416015625,76.37979888916016,76.37979888916016,75.98609924316406,76.18299865722656,25501.0
2018-09-07,70.97476196289062,76.67510223388672,77.4625015258789,76.47830200195312,76.87200164794922,60654.0
2018-09-10,70.15481567382812,75.78929901123047,76.77349853515625,75.39559936523438,76.67510223388672,86864.0
2018-09-11,71.06584930419922,76.77349853515625,76.97039794921875,75.78929901123047,75.78929901123047,32161.0
2018-09-12,70.97476196289062,76.67510223388672,76.77349853515625,76.28140258789062,76.77349853515625,21335.0
2018-09-13,70.97476196289062,76.67510223388672,76.87200164794922,76.28140258789062,76.77349853515625,34543.0
2018-09-14,71.24810791015625,76.97039794921875,76.97039794921875,76.28140258789062,76.28140258789062,13299.0
2018-09-17,70.51924896240234,76.18299865722656,76.47830200195312,75.78929901123047,76.47830200195312,107785.0
2018-09-18,68.33257293701172,73.8207015991211,75.39559936523438,72.73799896240234,74.80500030517578,234792.0
2018-09-19,69.60812377929688,75.19869995117188,75.19869995117188,73.8207015991211,73.8207015991211,100988.0
2018-09-20,68.69700622558594,74.21440124511719,75.19869995117188,73.8207015991211,75.19869995117188,86819.0
2018-09-21,68.0592269897461,73.52539825439453,74.41130065917969,73.52539825439453,74.31289672851562,96648.0
2018-09-25,67.42144775390625,72.8364028930664,73.6239013671875,72.44270324707031,73.52539825439453,75233.0
2018-09-26,66.96593475341797,72.34429931640625,72.54119873046875,71.85220336914062,72.54119873046875,168652.0
2018-09-27,66.51042175292969,71.85220336914062,72.34429931640625,71.85220336914062,72.34429931640625,102715.0
2018-09-28,66.60150146484375,71.95059967041016,72.34429931640625,71.85220336914062,72.04900360107422,94486.0
2018-10-01,66.96593475341797,72.34429931640625,72.44270324707031,71.95059967041016,71.95059967041016,100605.0
2018-10-02,67.148193359375,72.54119873046875,73.0333023071289,72.34429931640625,72.54119873046875,87448.0
2018-10-03,67.42144775390625,72.8364028930664,73.13169860839844,72.54119873046875,72.54119873046875,43765.0
2018-10-04,65.78146362304688,71.064697265625,71.85220336914062,70.8678970336914,71.55690002441406,132320.0
2018-10-05,64.68817138671875,69.88359832763672,71.064697265625,69.48989868164062,71.064697265625,84819.0
2018-10-08,64.23265838623047,69.3915023803711,69.88359832763672,68.8009033203125,69.88359832763672,93081.0
2018-10-09,63.594879150390625,68.70249938964844,68.89929962158203,68.30879974365234,68.89929962158203,209545.0
2018-10-11,60.588253021240234,65.45439910888672,67.42289733886719,63.97800064086914,67.42289733886719,242127.0
2018-10-12,62.86601638793945,67.91510009765625,68.89929962158203,64.86380004882812,65.35590362548828,171720.0
2018-10-15,61.49928665161133,66.4385986328125,67.91510009765625,66.2417984008789,67.91510009765625,76361.0
2018-10-16,61.95489501953125,66.93080139160156,66.93080139160156,66.53710174560547,66.53710174560547,46786.0
2018-10-17,62.3193244934082,67.32450103759766,67.42289733886719,67.0291976928711,67.0291976928711,23367.0
2018-10-18,62.3193244934082,67.32450103759766,67.32450103759766,66.73390197753906,66.8323974609375,86561.0
2018-10-19,61.408203125,66.34020233154297,66.73390197753906,66.14340209960938,66.73390197753906,60024.0
2018-10-22,61.863807678222656,66.8323974609375,66.8323974609375,65.84809875488281,65.84809875488281,38841.0
2018-10-23,61.226036071777344,66.14340209960938,66.635498046875,66.14340209960938,66.53710174560547,40639.0
2018-10-24,60.770423889160156,65.65119934082031,66.14340209960938,65.25749969482422,66.14340209960938,48210.0
2018-10-25,59.40378189086914,64.17479705810547,65.35590362548828,63.485801696777344,65.35590362548828,149369.0
2018-10-26,59.31270217895508,64.07640075683594,64.96219635009766,63.97800064086914,64.96219635009766,38607.0
2018-10-29,59.40378189086914,64.17479705810547,64.27320098876953,64.07640075683594,64.07640075683594,20604.0
2018-10-30,58.857093811035156,63.58420181274414,64.17479705810547,63.58420181274414,63.97800064086914,59130.0
2018-10-31,59.76821517944336,64.56849670410156,65.15910339355469,64.56849670410156,64.86380004882812,32613.0
2018-11-01,60.588253021240234,65.45439910888672,65.45439910888672,63.97800064086914,63.97800064086914,40639.0
2018-11-02,61.04377365112305,65.94650268554688,66.14340209960938,65.55280303955078,65.55280303955078,15290.0
2018-11-05,61.04377365112305,65.94650268554688,66.0448989868164,65.84809875488281,65.94650268554688,20411.0
2018-11-06,62.68375778198242,67.71820068359375,68.30879974365234,67.42289733886719,68.11190032958984,106769.0
2018-11-07,64.32373809814453,69.48989868164062,69.48989868164062,68.50559997558594,68.60399627685547,161743.0
2018-11-08,64.50599670410156,69.68679809570312,70.6709976196289,69.58830261230469,69.88359832763672,112062.0
2018-11-09,63.77704620361328,68.89929962158203,69.88359832763672,68.89929962158203,69.88359832763672,75198.0
2018-11-12,64.50599670410156,69.68679809570312,69.78520202636719,68.89929962158203,69.3915023803711,50800.0
2018-11-13,64.50599670410156,69.68679809570312,69.78520202636719,68.70249938964844,68.89929962158203,45719.0
2018-11-14,64.32373809814453,69.48989868164062,69.68679809570312,69.48989868164062,69.68679809570312,28448.0
2018-11-15,64.41482543945312,69.58830261230469,69.58830261230469,69.09619903564453,69.58830261230469,23378.0
2018-11-16,64.23265838623047,69.3915023803711,70.08049774169922,69.3915023803711,70.08049774169922,21594.0
2018-11-19,63.95930862426758,69.09619903564453,69.48989868164062,69.09619903564453,69.48989868164062,24587.0
2018-11-20,63.68596649169922,68.8009033203125,69.09619903564453,68.70249938964844,68.89929962158203,71114.0
2018-11-21,63.68596649169922,68.8009033203125,68.89929962158203,68.60399627685547,68.70249938964844,37591.0
2018-11-22,63.594879150390625,68.70249938964844,68.89929962158203,68.70249938964844,68.89929962158203,21335.0
2018-11-23,63.41261672973633,68.50559997558594,68.8009033203125,68.50559997558594,68.70249938964844,9144.0
2018-11-26,63.321537017822266,68.4072036743164,69.09619903564453,68.4072036743164,68.8009033203125,16256.0
2018-11-27,63.77704620361328,68.89929962158203,68.89929962158203,68.4072036743164,68.60399627685547,33783.0
2018-11-28,64.23265838623047,69.3915023803711,69.58830261230469,68.89929962158203,68.89929962158203,64070.0
2018-11-29,64.32373809814453,69.48989868164062,70.37570190429688,69.3915023803711,70.37570190429688,43687.0
2018-11-30,65.14368438720703,70.37570190429688,70.47419738769531,69.58830261230469,69.78520202636719,48767.0
2018-12-03,66.0548095703125,71.36000061035156,71.36000061035156,70.8678970336914,70.8678970336914,128013.0
2018-12-04,66.0548095703125,71.36000061035156,71.36000061035156,70.96630096435547,71.36000061035156,63172.0
2018-12-05,64.68817138671875,69.88359832763672,70.8678970336914,69.78520202636719,70.8678970336914,117955.0
2018-12-06,63.95930862426758,69.09619903564453,69.88359832763672,68.997802734375,69.88359832763672,73175.0
2018-12-07,64.41482543945312,69.58830261230469,69.88359832763672,69.1946029663086,69.88359832763672,21356.0
2018-12-10,64.23265838623047,69.3915023803711,69.68679809570312,67.91510009765625,68.997802734375,44512.0
2018-12-11,64.05039978027344,69.1946029663086,69.48989868164062,68.89929962158203,68.89929962158203,79552.0
2018-12-12,63.95930862426758,69.09619903564453,69.3915023803711,68.70249938964844,68.89929962158203,61985.0
2018-12-13,64.1414794921875,69.29299926757812,69.29299926757812,69.09619903564453,69.09619903564453,36756.0
2018-12-14,64.05039978027344,69.1946029663086,69.1946029663086,68.89929962158203,69.1946029663086,45922.0
2018-12-17,63.68596649169922,68.8009033203125,68.89929962158203,68.4072036743164,68.89929962158203,111391.0
2018-12-18,63.870262145996094,69.0,69.5999984741211,68.69999694824219,69.5999984741211,112160.0
2018-12-19,63.499996185302734,68.5999984741211,69.5999984741211,68.0,69.0,135074.0
2018-12-20,62.48177719116211,67.5,68.5,67.5,68.5,101452.0
2018-12-21,62.75947570800781,67.80000305175781,68.0,67.5,67.5,36498.0
2018-12-24,62.29664993286133,67.30000305175781,67.80000305175781,67.19999694824219,67.80000305175781,68251.0
2018-12-25,61.92638397216797,66.9000015258789,67.0,66.80000305175781,67.0,67250.0
2018-12-26,61.741249084472656,66.69999694824219,67.19999694824219,66.5999984741211,66.80000305175781,59200.0
2018-12-27,61.83382034301758,66.80000305175781,67.30000305175781,66.80000305175781,67.30000305175781,85537.0
2018-12-28,61.741249084472656,66.69999694824219,66.9000015258789,65.5999984741211,66.80000305175781,163250.0
2019-01-02,61.27842330932617,66.19999694824219,66.5999984741211,66.0999984741211,66.5999984741211,67137.0
2019-01-03,61.556121826171875,66.5,66.69999694824219,66.30000305175781,66.69999694824219,88449.0
2019-01-04,61.370994567871094,66.30000305175781,66.4000015258789,66.0,66.30000305175781,113867.0
2019-01-07,62.29664993286133,67.30000305175781,67.5,66.4000015258789,66.4000015258789,100696.0
2019-01-08,62.01894760131836,67.0,67.19999694824219,66.9000015258789,67.0999984741211,76063.0
2019-01-09,62.29664993286133,67.30000305175781,67.4000015258789,67.0,67.30000305175781,115636.0
2019-01-10,62.111515045166016,67.0999984741211,67.30000305175781,67.0999984741211,67.30000305175781,65453.0
2019-01-11,61.83382034301758,66.80000305175781,67.0999984741211,66.5,67.0,153749.0
2019-01-14,62.01894760131836,67.0,67.0999984741211,66.80000305175781,66.80000305175781,52248.0
2019-01-15,62.38921356201172,67.4000015258789,67.4000015258789,67.0,67.0,64221.0
2019-01-16,62.5743408203125,67.5999984741211,67.80000305175781,67.19999694824219,67.30000305175781,67755.0
2019-01-17,62.66690444946289,67.69999694824219,68.30000305175781,67.69999694824219,67.80000305175781,101050.0
2019-01-18,62.48177719116211,67.5,68.0,67.5,67.69999694824219,95050.0
2019-01-21,62.111515045166016,67.0999984741211,67.4000015258789,66.5,66.9000015258789,985927.0
2019-01-22,61.83382034301758,66.80000305175781,67.5999984741211,66.80000305175781,67.0999984741211,293588.0
2019-01-23,61.648685455322266,66.5999984741211,66.80000305175781,66.5,66.80000305175781,249290.0
2019-01-24,61.741249084472656,66.69999694824219,67.0,66.5999984741211,66.80000305175781,151229.0
2019-01-25,61.83382034301758,66.80000305175781,66.9000015258789,66.69999694824219,66.9000015258789,131544.0
2019-01-28,62.94460678100586,68.0,68.19999694824219,67.0,67.0,382788.0
2019-01-29,62.75947570800781,67.80000305175781,68.0,67.5999984741211,68.0,157813.0
2019-01-30,62.94460678100586,68.0,68.0,67.80000305175781,67.80000305175781,146816.0
2019-02-11,63.12973403930664,68.19999694824219,68.19999694824219,67.80000305175781,68.19999694824219,141614.0
2019-02-12,64.33309173583984,69.5,69.80000305175781,68.19999694824219,68.19999694824219,225919.0
2019-02-13,64.79591369628906,70.0,70.0999984741211,69.5,70.0999984741211,220844.0
2019-02-14,63.962825775146484,69.0999984741211,69.80000305175781,68.9000015258789,69.5,201977.0
2019-02-15,64.14796447753906,69.30000305175781,69.69999694824219,68.80000305175781,69.19999694824219,142245.0
2019-02-18,64.24052429199219,69.4000015258789,70.0,69.19999694824219,69.5,143818.0
2019-02-19,64.42565155029297,69.5999984741211,69.5999984741211,69.30000305175781,69.4000015258789,103817.0
2019-02-20,64.61078643798828,69.80000305175781,69.9000015258789,69.4000015258789,69.80000305175781,105245.0
2019-02-21,65.16618347167969,70.4000015258789,70.4000015258789,69.69999694824219,69.9000015258789,187949.0
2019-02-22,64.79591369628906,70.0,70.5,69.9000015258789,70.5,146617.0
2019-02-25,65.07361602783203,70.30000305175781,70.4000015258789,69.9000015258789,70.0,173877.0
2019-02-26,65.07361602783203,70.30000305175781,70.5,69.9000015258789,70.4000015258789,123504.0
2019-02-27,65.07361602783203,70.30000305175781,70.30000305175781,69.9000015258789,70.0,112201.0
2019-03-04,64.88848114013672,70.0999984741211,70.30000305175781,69.9000015258789,70.30000305175781,102472.0
2019-03-05,66.73979187011719,72.0999984741211,73.69999694824219,71.30000305175781,71.30000305175781,941219.0
2019-03-06,67.75801086425781,73.19999694824219,73.4000015258789,72.80000305175781,72.80000305175781,567973.0
2019-03-07,67.8505859375,73.30000305175781,74.0,73.30000305175781,73.5,364934.0
2019-03-08,67.20262145996094,72.5999984741211,73.0,71.5,73.0,324458.0
2019-03-11,67.01749420166016,72.4000015258789,72.69999694824219,72.30000305175781,72.5999984741211,157246.0
2019-03-12,67.66545104980469,73.0999984741211,73.19999694824219,72.4000015258789,72.4000015258789,145194.0
2019-03-13,67.57288360595703,73.0,73.19999694824219,72.80000305175781,73.0999984741211,134372.0
2019-03-14,67.66545104980469,73.0999984741211,73.5,73.0,73.0,156207.0
2019-03-15,67.94314575195312,73.4000015258789,73.69999694824219,73.19999694824219,73.19999694824219,115974.0
2019-03-18,68.68367004394531,74.19999694824219,74.30000305175781,73.4000015258789,73.4000015258789,290717.0
2019-03-19,68.86880493164062,74.4000015258789,74.4000015258789,73.80000305175781,74.30000305175781,141195.0
2019-03-20,68.59110260009766,74.0999984741211,74.4000015258789,73.5999984741211,74.4000015258789,197323.0
2019-03-21,68.31341552734375,73.80000305175781,74.0,73.5999984741211,74.0,215411.0
2019-03-22,67.8505859375,73.30000305175781,74.0999984741211,73.30000305175781,73.80000305175781,216493.0
2019-03-25,68.22084045410156,73.69999694824219,75.0,73.0,73.30000305175781,308391.0
2019-03-26,68.40597534179688,73.9000015258789,74.0999984741211,73.5,73.69999694824219,90313.0
2019-03-27,68.31341552734375,73.80000305175781,74.0,73.5999984741211,74.0,60595.0
2019-03-28,68.22084045410156,73.69999694824219,73.80000305175781,73.5,73.80000305175781,53200.0
2019-03-29,68.22084045410156,73.69999694824219,74.0,73.5,73.5,60784.0
2019-04-01,68.77623748779297,74.30000305175781,74.80000305175781,74.0999984741211,74.19999694824219,172446.0
2019-04-02,68.96137237548828,74.5,74.9000015258789,74.30000305175781,74.9000015258789,100210.0
2019-04-03,68.86880493164062,74.4000015258789,74.5,74.0,74.5,118426.0
2019-04-08,69.0539321899414,74.5999984741211,74.69999694824219,74.30000305175781,74.4000015258789,90690.0
2019-04-09,68.77623748779297,74.30000305175781,74.5,74.0999984741211,74.4000015258789,120648.0
2019-04-10,68.59110260009766,74.0999984741211,74.19999694824219,74.0,74.0999984741211,111907.0
2019-04-11,67.75801086425781,73.19999694824219,74.0999984741211,73.19999694824219,74.0999984741211,223672.0
2019-04-12,67.57288360595703,73.0,73.19999694824219,72.80000305175781,73.19999694824219,136600.0
2019-04-15,68.12828063964844,73.5999984741211,73.69999694824219,73.0,73.0,63992.0
2019-04-16,68.31341552734375,73.80000305175781,74.30000305175781,73.5999984741211,74.19999694824219,91679.0
2019-04-17,68.68367004394531,74.19999694824219,74.30000305175781,73.69999694824219,73.80000305175781,111025.0
2019-04-18,68.49854278564453,74.0,74.30000305175781,73.69999694824219,74.19999694824219,130898.0
2019-04-19,68.59110260009766,74.0999984741211,74.19999694824219,73.80000305175781,73.80000305175781,72720.0
2019-04-22,68.40597534179688,73.9000015258789,74.0999984741211,73.9000015258789,74.0999984741211,87816.0
2019-04-23,68.49854278564453,74.0,74.0,73.69999694824219,73.80000305175781,68000.0
2019-04-24,68.49854278564453,74.0,74.19999694824219,74.0,74.0,100224.0
2019-04-25,68.49854278564453,74.0,74.19999694824219,73.9000015258789,74.19999694824219,67000.0
2019-04-26,68.40597534179688,73.9000015258789,74.0,73.5,74.0,58200.0
2019-04-29,68.12828063964844,73.5999984741211,73.9000015258789,73.5999984741211,73.9000015258789,89247.0
2019-04-30,68.03571319580078,73.5,73.5999984741211,73.19999694824219,73.5999984741211,108927.0
2019-05-02,68.49854278564453,74.0,74.0,73.80000305175781,74.0,85799.0
2019-05-03,68.96137237548828,74.5,74.9000015258789,73.80000305175781,74.0,155074.0
2019-05-06,68.12828063964844,73.5999984741211,74.0999984741211,73.0999984741211,74.0999984741211,92060.0
2019-05-07,68.12828063964844,73.5999984741211,73.80000305175781,73.5,73.5,70374.0
2019-05-08,68.12828063964844,73.5999984741211,73.9000015258789,73.0,73.0,65503.0
2019-05-09,66.46209716796875,71.80000305175781,72.9000015258789,71.5999984741211,72.5999984741211,533985.0
2019-05-10,66.09183502197266,71.4000015258789,72.0,71.30000305175781,71.80000305175781,178398.0
2019-05-13,64.70335388183594,69.9000015258789,71.4000015258789,69.9000015258789,71.4000015258789,355646.0
2019-05-14,64.70335388183594,69.9000015258789,69.9000015258789,68.9000015258789,69.5,185324.0
2019-05-15,65.35131072998047,70.5999984741211,70.9000015258789,69.9000015258789,69.9000015258789,34300.0
2019-05-16,65.25874328613281,70.5,71.0999984741211,70.30000305175781,70.4000015258789,66100.0
2019-05-17,64.98104858398438,70.19999694824219,71.0,70.0,71.0,101577.0
2019-05-20,64.88848114013672,70.0999984741211,70.5999984741211,70.0,70.0,92010.0
2019-05-21,65.35131072998047,70.5999984741211,70.5999984741211,69.80000305175781,70.0999984741211,90500.0
2019-05-22,65.53644561767578,70.80000305175781,70.9000015258789,70.30000305175781,70.5999984741211,32719.0
2019-05-23,64.98104858398438,70.19999694824219,70.5,70.0999984741211,70.5,43059.0
2019-05-24,65.35131072998047,70.5999984741211,71.19999694824219,70.5,71.19999694824219,31000.0
2019-05-27,65.72157287597656,71.0,71.19999694824219,70.5999984741211,70.5999984741211,73012.0
2019-05-28,66.09183502197266,71.4000015258789,71.4000015258789,71.0,71.0,53800.0
2019-05-29,65.72157287597656,71.0,71.4000015258789,70.9000015258789,71.4000015258789,76568.0
2019-05-30,66.09183502197266,71.4000015258789,71.4000015258789,71.19999694824219,71.19999694824219,22401.0
2019-05-31,66.27696228027344,71.5999984741211,71.80000305175781,71.30000305175781,71.4000015258789,77492.0
2019-06-03,67.11005401611328,72.5,72.5,71.5999984741211,71.80000305175781,137962.0
2019-06-04,66.9249267578125,72.30000305175781,72.80000305175781,72.19999694824219,72.5,137124.0
2019-06-05,66.83235931396484,72.19999694824219,73.0999984741211,72.19999694824219,72.5999984741211,153165.0
2019-06-06,66.64723205566406,72.0,72.30000305175781,72.0,72.19999694824219,122995.0
2019-06-10,66.9249267578125,72.30000305175781,72.5,72.0,72.19999694824219,127086.0
2019-06-11,67.01749420166016,72.4000015258789,72.5,72.19999694824219,72.5,122314.0
2019-06-12,67.2951889038086,72.69999694824219,72.69999694824219,72.19999694824219,72.4000015258789,137345.0
2019-06-13,67.94314575195312,73.4000015258789,73.5,73.0,73.0,175748.0
2019-06-14,68.03571319580078,73.5,73.80000305175781,73.19999694824219,73.5,200469.0
2019-06-17,63.499996185302734,68.5999984741211,73.9000015258789,73.30000305175781,73.4000015258789,462662.0
2019-06-18,69.5999984741211,69.5999984741211,69.5999984741211,68.69999694824219,68.80000305175781,826045.0
2019-06-19,69.80000305175781,69.80000305175781,70.5,69.80000305175781,70.19999694824219,210715.0
2019-06-20,70.0999984741211,70.0999984741211,70.0999984741211,69.80000305175781,69.80000305175781,131642.0
2019-06-21,70.0,70.0,70.0999984741211,69.80000305175781,70.0999984741211,105501.0
2019-06-24,70.0,70.0,70.0999984741211,69.80000305175781,70.0999984741211,96169.0
2019-06-25,69.69999694824219,69.69999694824219,69.9000015258789,69.5,69.9000015258789,77224.0
2019-07-03,70.19999694824219,70.19999694824219,70.4000015258789,70.0,70.30000305175781,65000.0
2019-07-04,70.5,70.5,70.5,70.19999694824219,70.19999694824219,69000.0
2019-07-08,70.30000305175781,70.30000305175781,70.5,70.0,70.5,62000.0
2019-07-09,70.0,70.0,70.19999694824219,69.9000015258789,70.19999694824219,48000.0
2019-07-10,70.0999984741211,70.0999984741211,70.0999984741211,70.0,70.0,53000.0
2019-07-11,70.0,70.0,70.19999694824219,69.9000015258789,70.19999694824219,60117.0
2019-07-12,69.9000015258789,69.9000015258789,70.4000015258789,69.9000015258789,70.19999694824219,63500.0
2019-07-15,69.9000015258789,69.9000015258789,70.0999984741211,69.9000015258789,70.0,49071.0
2019-07-16,69.80000305175781,69.80000305175781,70.0,69.69999694824219,69.9000015258789,76384.0
2019-07-17,69.69999694824219,69.69999694824219,69.69999694824219,69.5,69.69999694824219,44894.0
2019-07-18,69.5999984741211,69.5999984741211,70.0999984741211,69.5999984741211,69.69999694824219,57299.0
2019-07-19,69.80000305175781,69.80000305175781,69.9000015258789,69.80000305175781,69.80000305175781,16930.0
2019-07-22,69.9000015258789,69.9000015258789,70.0,69.80000305175781,69.80000305175781,42577.0
2019-07-23,69.69999694824219,69.69999694824219,69.9000015258789,69.5999984741211,69.80000305175781,45201.0
2019-07-24,69.5,69.5,69.80000305175781,69.5,69.80000305175781,35600.0
2019-07-25,69.69999694824219,69.69999694824219,69.9000015258789,69.5,69.80000305175781,32181.0
2019-07-26,70.0,70.0,70.0,69.69999694824219,69.69999694824219,57247.0
2019-07-29,69.80000305175781,69.80000305175781,70.0,69.5999984741211,70.0,44981.0
2019-07-30,69.5,69.5,69.80000305175781,69.5,69.80000305175781,50124.0
2019-07-31,69.5999984741211,69.5999984741211,69.80000305175781,69.4000015258789,69.5,18712.0
2019-08-01,69.5,69.5,69.5999984741211,69.4000015258789,69.5,30383.0
2019-08-02,68.9000015258789,68.9000015258789,69.5,68.9000015258789,69.5,116473.0
2019-08-05,68.9000015258789,68.9000015258789,68.9000015258789,68.5999984741211,68.69999694824219,82999.0
2019-08-06,68.30000305175781,68.30000305175781,68.80000305175781,67.80000305175781,68.5,138000.0
2019-08-07,68.4000015258789,68.4000015258789,70.30000305175781,68.30000305175781,68.30000305175781,67200.0
2019-08-08,68.4000015258789,68.4000015258789,69.0,68.4000015258789,68.4000015258789,32000.0
2019-08-12,68.30000305175781,68.30000305175781,68.5,68.30000305175781,68.4000015258789,69070.0
2019-08-13,67.9000015258789,67.9000015258789,68.0999984741211,67.9000015258789,68.0999984741211,90186.0
2019-08-14,68.0,68.0,68.4000015258789,68.0,68.0,49124.0
2019-08-15,67.69999694824219,67.69999694824219,67.9000015258789,67.5999984741211,67.80000305175781,76210.0
2019-08-16,68.30000305175781,68.30000305175781,68.30000305175781,67.69999694824219,67.69999694824219,29552.0
2019-08-19,68.5999984741211,68.5999984741211,68.5999984741211,68.0999984741211,68.0999984741211,99000.0
2019-08-20,68.80000305175781,68.80000305175781,69.5,68.80000305175781,68.80000305175781,74224.0
2019-08-21,69.0999984741211,69.0999984741211,69.4000015258789,68.80000305175781,68.9000015258789,32224.0
2019-08-22,69.0,69.0,69.5,69.0,69.30000305175781,67752.0
2019-08-23,68.5,68.5,69.19999694824219,68.19999694824219,69.19999694824219,43371.0
2019-08-26,67.9000015258789,67.9000015258789,68.4000015258789,67.9000015258789,68.4000015258789,67100.0
2019-08-27,68.5,68.5,68.5,68.0,68.0,29606.0
2019-08-28,68.5,68.5,68.5,68.30000305175781,68.30000305175781,17202.0
2019-08-29,68.9000015258789,68.9000015258789,68.9000015258789,68.69999694824219,68.69999694824219,35003.0
2019-08-30,69.19999694824219,69.19999694824219,69.4000015258789,69.0,69.19999694824219,48972.0
2019-09-02,69.0,69.0,69.4000015258789,68.5,69.30000305175781,64310.0
2019-09-03,68.80000305175781,68.80000305175781,68.9000015258789,68.69999694824219,68.80000305175781,23478.0
2019-09-04,68.80000305175781,68.80000305175781,68.80000305175781,68.4000015258789,68.5,36869.0
2019-09-05,68.80000305175781,68.80000305175781,68.9000015258789,68.69999694824219,68.9000015258789,46143.0
2019-09-06,69.0,69.0,69.0,68.80000305175781,68.80000305175781,23324.0
2019-09-10,69.0,69.0,69.30000305175781,68.80000305175781,69.30000305175781,31311.0
2019-09-11,69.30000305175781,69.30000305175781,69.30000305175781,69.0999984741211,69.19999694824219,30842.0
2019-09-12,69.19999694824219,69.19999694824219,69.30000305175781,69.0999984741211,69.30000305175781,17507.0
2019-09-16,69.19999694824219,69.19999694824219,69.5,68.80000305175781,69.4000015258789,47243.0
2019-09-17,69.19999694824219,69.19999694824219,69.19999694824219,69.0,69.0,37250.0
2019-09-18,69.5,69.5,69.5,69.0,69.0,74349.0
2019-09-19,69.4000015258789,69.4000015258789,69.5,69.19999694824219,69.5,35506.0
2019-09-20,69.4000015258789,69.4000015258789,69.5,69.30000305175781,69.4000015258789,31600.0
2019-09-23,69.30000305175781,69.30000305175781,69.4000015258789,69.30000305175781,69.4000015258789,44000.0
2019-09-24,69.0999984741211,69.0999984741211,69.19999694824219,69.0,69.19999694824219,23022.0
2019-09-25,69.19999694824219,69.19999694824219,69.19999694824219,69.0,69.0999984741211,34696.0
2019-09-26,69.0999984741211,69.0999984741211,69.30000305175781,69.0,69.30000305175781,15793.0
2019-09-27,69.0,69.0,69.19999694824219,69.0,69.19999694824219,22049.0
2019-10-01,69.0,69.0,69.19999694824219,69.0,69.0999984741211,42319.0
2019-10-02,68.9000015258789,68.9000015258789,69.0999984741211,68.9000015258789,69.0,25144.0
2019-10-03,69.0999984741211,69.0999984741211,69.0999984741211,68.80000305175781,68.9000015258789,32744.0
2019-10-04,69.19999694824219,69.19999694824219,69.30000305175781,69.0999984741211,69.0999984741211,20955.0
2019-10-07,69.4000015258789,69.4000015258789,69.5,69.19999694824219,69.19999694824219,72000.0
2019-10-08,69.19999694824219,69.19999694824219,69.5,69.19999694824219,69.5,47606.0
2019-10-09,69.0,69.0,69.19999694824219,68.5999984741211,69.19999694824219,49673.0
2019-10-14,69.0,69.0,69.0,68.9000015258789,69.0,25100.0
2019-10-15,68.80000305175781,68.80000305175781,69.0999984741211,68.5999984741211,69.0999984741211,49375.0
2019-10-16,69.0,69.0,69.0,68.69999694824219,68.69999694824219,34747.0
2019-10-17,68.9000015258789,68.9000015258789,69.0,68.80000305175781,69.0,18418.0
2019-10-18,69.0999984741211,69.0999984741211,69.0999984741211,68.9000015258789,68.9000015258789,36745.0
2019-10-21,69.0999984741211,69.0999984741211,69.5,69.0999984741211,69.0999984741211,71625.0
2019-10-22,69.19999694824219,69.19999694824219,69.30000305175781,68.9000015258789,69.0,32253.0
2019-10-23,69.19999694824219,69.19999694824219,69.30000305175781,69.0999984741211,69.30000305175781,26250.0
2019-10-24,69.30000305175781,69.30000305175781,69.5,69.19999694824219,69.4000015258789,43281.0
2019-10-25,69.30000305175781,69.30000305175781,69.4000015258789,69.19999694824219,69.30000305175781,48649.0
2019-10-28,69.30000305175781,69.30000305175781,69.4000015258789,69.19999694824219,69.4000015258789,43497.0
2019-10-29,69.19999694824219,69.19999694824219,69.4000015258789,69.0999984741211,69.30000305175781,48050.0
2019-10-30,69.0999984741211,69.0999984741211,69.0999984741211,69.0999984741211,69.0999984741211,14008.0
2019-10-31,68.9000015258789,68.9000015258789,69.0999984741211,68.9000015258789,69.0999984741211,41000.0
2019-11-01,68.9000015258789,68.9000015258789,69.0,68.69999694824219,68.80000305175781,40324.0
2019-11-04,69.0,69.0,69.0999984741211,68.9000015258789,68.9000015258789,73000.0
2019-11-05,69.0,69.0,69.19999694824219,68.9000015258789,69.0,77000.0
2019-11-06,69.0,69.0,69.19999694824219,69.0,69.0999984741211,69000.0
2019-11-07,69.0999984741211,69.0999984741211,69.30000305175781,69.0,69.0999984741211,46000.0
2019-11-08,69.0,69.0,69.19999694824219,69.0,69.0,34890.0
2019-11-11,68.69999694824219,68.69999694824219,68.9000015258789,68.69999694824219,68.9000015258789,70000.0
2019-11-12,68.5999984741211,68.5999984741211,68.69999694824219,68.5,68.5,43000.0
2019-11-13,69.0,69.0,69.0999984741211,68.5999984741211,68.5999984741211,41000.0
2019-11-14,68.9000015258789,68.9000015258789,69.0,68.80000305175781,69.0,25000.0
2019-11-15,68.80000305175781,68.80000305175781,68.9000015258789,68.69999694824219,68.69999694824219,30505.0
2019-11-18,69.0,69.0,69.0999984741211,68.80000305175781,68.80000305175781,45000.0
2019-11-19,68.9000015258789,68.9000015258789,69.0999984741211,68.9000015258789,69.0,36000.0
2019-11-20,68.80000305175781,68.80000305175781,69.0999984741211,68.80000305175781,69.0,53000.0
2019-11-21,69.0,69.0,69.0999984741211,68.80000305175781,68.80000305175781,17000.0
2019-11-22,68.80000305175781,68.80000305175781,69.0,68.80000305175781,69.0,38000.0
2019-11-25,68.9000015258789,68.9000015258789,69.0,68.80000305175781,68.80000305175781,4300
2019-11-26,69.0,69.0,69.0,68.80000305175781,68.80000305175781,3400
2019-11-27,68.9000015258789,68.9000015258789,69.0,68.80000305175781,69.0,5000
2019-11-28,68.80000305175781,68.80000305175781,68.9000015258789,68.80000305175781,68.9000015258789,4400
2019-11-29,68.5999984741211,68.5999984741211,68.80000305175781,68.5999984741211,68.80000305175781,5100
2019-12-02,68.80000305175781,68.80000305175781,68.9000015258789,68.5999984741211,68.5999984741211,2200
2019-12-03,68.9000015258789,68.9000015258789,68.9000015258789,68.69999694824219,68.69999694824219,1900
2019-12-04,68.69999694824219,68.69999694824219,68.9000015258789,68.5999984741211,68.9000015258789,2600
2019-12-05,68.80000305175781,68.80000305175781,68.80000305175781,68.69999694824219,68.80000305175781,2100
2019-12-06,68.80000305175781,68.80000305175781,68.9000015258789,68.69999694824219,68.80000305175781,2200
2019-12-09,69.5,69.5,69.5,68.80000305175781,69,7100
2019-12-10,69.19999694824219,69.19999694824219,69.5,69.19999694824219,69.5,4500
2019-12-11,69.5,69.5,69.5,69.19999694824219,69.19999694824219,3700
2019-12-12,69.9000015258789,69.9000015258789,70,69.5,69.5,13700
2019-12-13,69.9000015258789,69.9000015258789,70,69.5999984741211,69.9000015258789,7800
2019-12-16,69.9000015258789,69.9000015258789,69.9000015258789,69.69999694824219,69.9000015258789,5300
2019-12-17,70,70,70.0999984741211,69.9000015258789,70,9700
